date,split,measured_weather,normal_weather
2024-01-01,validation,35798.7,34111.6
2024-01-02,validation,60837.8,59413.3
2024-01-03,validation,78815.1,59465.6
2024-01-04,validation,73453.3,59022.6
2024-01-05,validation,69220.6,60220.8
2024-01-06,validation,30678.0,46218.6
2024-01-07,validation,32969.3,36669.5
2024-01-08,validation,63851.1,49059.2
2024-01-09,validation,38390.7,61216.5
2024-01-10,validation,56583.6,68353.0
2024-01-11,validation,83539.4,70885.8
2024-01-12,validation,76506.1,68112.2
2024-01-13,validation,31187.0,59489.1
2024-01-14,validation,56411.4,48696.3
2024-01-15,validation,40849.4,45054.4
2024-01-16,validation,25604.7,64025.2
2024-01-17,validation,38184.5,65418.6
2024-01-18,validation,58315.1,59214.3
2024-01-19,validation,66797.6,61489.5
2024-01-20,validation,35647.8,51740.2
2024-01-21,validation,43852.4,47764.5
2024-01-22,validation,66157.7,60029.8
2024-01-23,validation,76055.8,60922.2
2024-01-24,validation,84786.4,55958.3
2024-01-25,validation,71619.5,55342.3
2024-01-26,validation,67021.1,57598.7
2024-01-27,validation,71216.8,52345.7
2024-01-28,validation,33111.2,46547.4
2024-01-29,validation,70071.4,55350.9
2024-01-30,validation,78910.7,60401.8
2024-01-31,validation,80796.7,58108.9
2024-02-01,validation,85052.7,59059.6
2024-02-02,validation,59598.2,56203.9
2024-02-03,validation,63214.5,46087.2
2024-02-04,validation,62241.7,44798.1
2024-02-05,validation,75066.1,59824.3
2024-02-06,validation,79467.3,66035.5
2024-02-07,validation,88939.7,59804.3
2024-02-08,validation,91815.3,66636.6
2024-02-09,validation,95392.5,59923.4
2024-02-10,validation,81099.7,46697.0
2024-02-11,validation,73538.5,43529.9
2024-02-12,validation,82667.0,54612.1
2024-02-13,validation,38383.9,57845.0
2024-02-14,validation,73541.1,64513.8
2024-02-15,validation,77652.7,65792.2
2024-02-16,validation,82009.6,66044.6
2024-02-17,validation,49929.1,48821.1
2024-02-18,validation,50783.8,47812.3
2024-02-19,validation,49316.1,50822.9
2024-02-20,validation,65791.6,65778.1
2024-02-21,validation,78831.9,68536.8
2024-02-22,validation,77842.0,66829.4
2024-02-23,validation,79784.3,73839.4
2024-02-24,validation,59038.2,58302.6
2024-02-25,validation,52487.5,49354.1
2024-02-26,validation,77869.9,70200.2
2024-02-27,validation,57258.9,73342.0
2024-02-28,validation,77526.1,81095.5
2024-02-29,validation,77483.8,71788.9
2024-03-01,validation,78502.8,65197.7
2024-03-02,validation,31801.7,56299.5
2024-03-03,validation,79886.1,44495.8
2024-03-04,validation,95274.7,61154.2
2024-03-05,validation,63936.7,75543.2
2024-03-06,validation,43499.9,72913.9
2024-03-07,validation,54846.6,80533.1
2024-03-08,validation,86733.0,85059.3
2024-03-09,validation,21724.8,67396.6
2024-03-10,validation,51005.8,70194.9
2024-03-11,validation,82417.8,76838.0
2024-03-12,validation,95868.8,75646.1
2024-03-13,validation,100281.3,76924.0
2024-03-14,validation,111702.6,73089.9
2024-03-15,validation,126364.5,79788.6
2024-03-16,validation,99863.7,67038.4
2024-03-17,validation,87460.4,57692.5
2024-03-18,validation,96863.2,72764.0
2024-03-19,validation,95996.5,74501.0
2024-03-20,validation,110417.5,78730.4
2024-03-21,validation,89357.1,79203.8
2024-03-22,validation,81160.0,76491.8
2024-03-23,validation,28473.3,58004.3
2024-03-24,validation,61073.8,64491.4
2024-03-25,validation,89076.2,80399.0
2024-03-26,validation,96402.5,82464.6
2024-03-27,validation,92272.8,73706.7
2024-03-28,validation,46510.0,69196.6
2024-03-29,validation,81056.5,75298.3
2024-03-30,validation,72406.8,64052.0
2024-03-31,validation,74106.0,65425.1
2024-04-01,validation,90845.4,76934.6
2024-04-02,validation,40783.2,83499.1
2024-04-03,validation,41708.4,85829.7
2024-04-04,validation,57041.1,77035.9
2024-04-05,validation,78333.6,84557.0
2024-04-06,validation,80793.0,72287.9
2024-04-07,validation,79259.2,75730.3
2024-04-08,validation,110089.7,80212.5
2024-04-09,validation,129894.2,90568.8
2024-04-10,validation,128311.4,93349.3
2024-04-11,validation,85868.7,94977.1
2024-04-12,validation,84130.2,105265.3
2024-04-13,validation,85623.5,93625.7
2024-04-14,validation,95462.1,74359.0
2024-04-15,validation,127948.8,96379.3
2024-04-16,validation,138720.1,109994.5
2024-04-17,validation,126479.1,112493.8
2024-04-18,validation,105408.2,104598.1
2024-04-19,validation,106519.7,108188.0
2024-04-20,validation,105813.2,100935.7
2024-04-21,validation,90053.5,88697.9
2024-04-22,validation,124709.7,112650.9
2024-04-23,validation,140013.2,119878.3
2024-04-24,validation,147086.5,104452.9
2024-04-25,validation,122442.0,110906.0
2024-04-26,validation,130322.9,105555.4
2024-04-27,validation,116755.0,102072.6
2024-04-28,validation,120495.8,92960.8
2024-04-29,validation,138969.1,104757.8
2024-04-30,validation,142083.5,125938.5
2024-05-01,validation,157134.3,118902.0
2024-05-02,validation,155361.5,124847.3
2024-05-03,validation,145256.5,120218.7
2024-05-04,validation,124620.8,93113.4
2024-05-05,validation,49164.6,98115.2
2024-05-06,validation,138663.5,106811.2
2024-05-07,validation,154345.9,130256.2
2024-05-08,validation,143716.2,130748.9
2024-05-09,validation,152592.4,127430.0
2024-05-10,validation,74594.3,136766.5
2024-05-11,validation,109539.8,106277.9
2024-05-12,validation,55114.1,91391.1
2024-05-13,validation,132617.0,119107.3
2024-05-14,validation,141968.0,141801.2
2024-05-15,validation,87704.5,137814.1
2024-05-16,validation,88586.1,144095.5
2024-05-17,validation,119213.5,140869.4
2024-05-18,validation,106512.5,114887.7
2024-05-19,validation,106162.7,105001.1
2024-05-20,validation,136526.7,136153.6
2024-05-21,validation,153899.4,138497.9
2024-05-22,validation,153563.6,151015.5
2024-05-23,validation,117010.1,140008.1
2024-05-24,validation,143130.7,130523.9
2024-05-25,validation,139418.7,127370.3
2024-05-26,validation,128931.8,115925.3
2024-05-27,validation,82155.4,115467.5
2024-05-28,validation,143240.1,123007.6
2024-05-29,validation,118250.8,134894.6
2024-05-30,validation,127228.4,134157.3
2024-05-31,validation,147916.2,132713.5
2024-06-01,validation,148338.1,122345.2
2024-06-02,validation,135244.5,116160.3
2024-06-03,validation,144357.4,129167.5
2024-06-04,validation,154132.8,145196.9
2024-06-05,validation,167088.7,140977.9
2024-06-06,validation,143238.6,147435.0
2024-06-07,validation,153885.9,146715.1
2024-06-08,validation,143787.5,129527.3
2024-06-09,validation,134108.5,122201.5
2024-06-10,validation,152992.9,141304.8
2024-06-11,validation,160750.2,147299.7
2024-06-12,validation,170804.7,155604.2
2024-06-13,validation,166283.3,149585.3
2024-06-14,validation,143275.9,154639.0
2024-06-15,validation,142745.5,131314.7
2024-06-16,validation,136794.7,118761.9
2024-06-17,validation,158823.8,137596.8
2024-06-18,validation,172230.6,150860.4
2024-06-19,validation,161072.8,149996.7
2024-06-20,validation,159652.7,149367.9
2024-06-21,validation,149537.9,148985.8
2024-06-22,validation,124475.8,133447.2
2024-06-23,validation,124190.4,125901.5
2024-06-24,validation,148243.6,143371.1
2024-06-25,validation,167075.4,154719.8
2024-06-26,validation,148565.0,146598.2
2024-06-27,validation,135674.7,138730.7
2024-06-28,validation,145748.7,140023.1
2024-06-29,validation,122731.4,121853.6
2024-06-30,validation,100560.0,107670.3
2024-07-01,validation,132470.3,121546.8
2024-07-02,validation,149345.2,133028.2
2024-07-03,validation,150009.6,143945.6
2024-07-04,validation,118136.9,117622.6
2024-07-05,validation,128006.1,132780.8
2024-07-06,validation,110730.4,122464.1
2024-07-07,validation,106993.6,115246.9
2024-07-08,validation,131133.0,133214.1
2024-07-09,validation,151497.6,147000.8
2024-07-10,validation,154988.7,148020.6
2024-07-11,validation,139000.1,145212.1
2024-07-12,validation,138799.2,149853.0
2024-07-13,validation,94269.3,127428.1
2024-07-14,validation,115853.5,121819.5
2024-07-15,validation,122434.2,137823.0
2024-07-16,validation,139669.0,146967.6
2024-07-17,validation,126562.0,151340.4
2024-07-18,validation,145612.6,150828.1
2024-07-19,validation,149420.5,148379.6
2024-07-20,validation,140683.5,127637.4
2024-07-21,validation,130702.7,116176.0
2024-07-22,validation,147618.5,133129.7
2024-07-23,validation,148989.9,149415.3
2024-07-24,validation,160610.4,147941.3
2024-07-25,validation,161221.6,150971.5
2024-07-26,validation,160587.0,146420.0
2024-07-27,validation,145604.3,132969.0
2024-07-28,validation,138701.9,118546.5
2024-07-29,validation,140903.5,134695.2
2024-07-30,validation,154356.0,151659.6
2024-07-31,validation,162107.3,150488.4
2024-08-01,validation,157220.5,159691.9
2024-08-02,validation,131527.2,156719.6
2024-08-03,validation,123524.9,138027.5
2024-08-04,validation,122512.7,125078.4
2024-08-05,validation,145077.7,150456.7
2024-08-06,validation,103731.8,144808.9
2024-08-07,validation,137472.9,162118.7
2024-08-08,validation,106666.3,158856.1
2024-08-09,validation,141942.4,154446.1
2024-08-10,validation,141381.7,131937.3
2024-08-11,validation,132084.1,128752.6
2024-08-12,validation,154911.5,135585.9
2024-08-13,validation,169789.7,156952.5
2024-08-14,validation,178572.9,158940.0
2024-08-15,validation,169916.4,160640.6
2024-08-16,validation,166632.1,148392.5
2024-08-17,validation,142860.1,132154.1
2024-08-18,validation,79817.8,122750.2
2024-08-19,validation,139113.8,145614.5
2024-08-20,validation,159227.4,151462.7
2024-08-21,validation,173342.7,147167.1
2024-08-22,validation,170297.8,155418.5
2024-08-23,validation,169794.2,155680.7
2024-08-24,validation,152417.9,137515.1
2024-08-25,validation,140502.5,125491.9
2024-08-26,validation,150717.8,148088.9
2024-08-27,validation,167768.9,159187.5
2024-08-28,validation,174193.4,163050.7
2024-08-29,validation,172604.4,158184.3
2024-08-30,validation,118467.4,156736.5
2024-08-31,validation,139782.0,130536.7
2024-09-01,validation,140005.5,118574.4
2024-09-02,validation,145019.1,131353.0
2024-09-03,validation,168153.9,162884.9
2024-09-04,validation,182203.3,173315.5
2024-09-05,validation,178416.5,145686.3
2024-09-06,validation,175798.9,163152.1
2024-09-07,validation,123035.6,147178.7
2024-09-08,validation,132042.2,128515.3
2024-09-09,validation,159686.0,133369.9
2024-09-10,validation,182568.1,158320.2
2024-09-11,validation,195182.9,169936.5
2024-09-12,validation,189005.9,162490.4
2024-09-13,validation,183303.5,169696.2
2024-09-14,validation,159177.2,152892.5
2024-09-15,validation,147339.7,143705.0
2024-09-16,validation,172788.3,163099.6
2024-09-17,validation,191243.7,162931.4
2024-09-18,validation,191392.2,182400.1
2024-09-19,validation,189394.8,168604.8
2024-09-20,validation,188116.0,172091.4
2024-09-21,validation,163688.0,149429.2
2024-09-22,validation,144917.2,126197.8
2024-09-23,validation,157107.3,151000.6
2024-09-24,validation,178270.9,149462.9
2024-09-25,validation,180883.8,176651.7
2024-09-26,validation,164736.4,175848.0
2024-09-27,validation,156091.8,150829.6
2024-09-28,validation,106608.4,135162.3
2024-09-29,validation,57570.2,120223.2
2024-09-30,validation,149747.7,131616.1
2024-10-01,validation,169741.2,148965.5
2024-10-02,validation,174179.2,147932.1
2024-10-03,validation,172435.1,154264.7
2024-10-04,validation,166628.8,156456.1
2024-10-05,validation,151630.3,146247.8
2024-10-06,validation,141835.3,133598.9
2024-10-07,validation,165242.4,150111.8
2024-10-08,validation,176920.2,144555.6
2024-10-09,validation,184611.8,161495.7
2024-10-10,validation,166633.6,159255.1
2024-10-11,validation,167773.0,158876.1
2024-10-12,validation,154602.3,125877.4
2024-10-13,validation,142626.1,116135.1
2024-10-14,validation,143070.8,128662.9
2024-10-15,validation,159153.7,148703.9
2024-10-16,validation,165441.0,151853.9
2024-10-17,validation,157570.4,154849.8
2024-10-18,validation,164634.0,158105.0
2024-10-19,validation,154522.4,126152.3
2024-10-20,validation,145153.4,127621.6
2024-10-21,validation,165745.8,138582.1
2024-10-22,validation,179835.4,150842.0
2024-10-23,validation,185493.4,154178.9
2024-10-24,validation,180961.3,157919.6
2024-10-25,validation,164860.8,140779.0
2024-10-26,validation,148397.7,115365.2
2024-10-27,validation,131225.1,107347.6
2024-10-28,validation,154174.7,110621.7
2024-10-29,validation,168573.7,129431.6
2024-10-30,validation,189190.7,138361.5
2024-10-31,validation,186014.7,144087.0
2024-11-01,validation,189363.8,147409.3
2024-11-02,validation,140483.4,132169.4
2024-11-03,validation,125192.7,123828.3
2024-11-04,validation,150651.4,138615.8
2024-11-05,validation,175945.4,149542.6
2024-11-06,validation,195992.3,151978.4
2024-11-07,validation,188647.3,146461.4
2024-11-08,validation,185754.0,138820.8
2024-11-09,validation,131735.8,119000.0
2024-11-10,validation,105045.4,104737.3
2024-11-11,validation,126632.3,100632.4
2024-11-12,validation,156789.1,123151.4
2024-11-13,validation,153517.3,130976.0
2024-11-14,validation,136882.1,119169.0
2024-11-15,validation,150783.2,111451.4
2024-11-16,validation,135306.8,109585.2
2024-11-17,validation,126570.1,99371.9
2024-11-18,validation,154566.6,107184.2
2024-11-19,validation,156315.2,121248.8
2024-11-20,validation,160864.2,122172.1
2024-11-21,validation,52050.9,102965.9
2024-11-22,validation,76698.8,97430.6
2024-11-23,validation,95358.9,75293.9
2024-11-24,validation,93759.8,74567.6
2024-11-25,validation,111645.6,88202.6
2024-11-26,validation,85522.1,96613.7
2024-11-27,validation,116149.2,110810.9
2024-11-28,validation,44629.7,60553.9
2024-11-29,validation,89945.9,86638.7
2024-11-30,validation,69893.4,68382.7
2024-12-01,validation,69941.9,75134.2
2024-12-02,validation,90294.7,94995.3
2024-12-03,validation,108618.1,116510.8
2024-12-04,validation,112077.4,118112.4
2024-12-05,validation,90409.8,102138.3
2024-12-06,validation,87687.0,105030.9
2024-12-07,validation,81143.4,89504.1
2024-12-08,validation,96325.9,73441.2
2024-12-09,validation,86584.1,91736.6
2024-12-10,validation,94554.1,103018.1
2024-12-11,validation,73556.4,121556.0
2024-12-12,validation,100857.4,109247.9
2024-12-13,validation,88396.7,108924.9
2024-12-14,validation,65458.5,84309.2
2024-12-15,validation,63155.8,70265.0
2024-12-16,validation,59549.2,75083.6
2024-12-17,validation,107480.9,77771.2
2024-12-18,validation,81810.8,90110.1
2024-12-19,validation,93174.4,85998.0
2024-12-20,validation,89881.0,84181.2
2024-12-21,validation,32598.1,63262.8
2024-12-22,validation,26161.0,52212.3
2024-12-23,validation,39756.4,63779.5
2024-12-24,validation,31915.5,57168.7
2024-12-25,validation,47394.8,44700.2
2024-12-26,validation,58930.2,55226.0
2024-12-27,validation,73663.1,61068.9
2024-12-28,validation,40905.9,54402.6
2024-12-29,validation,34776.7,47346.2
2024-12-30,validation,41048.9,59132.3
2024-12-31,validation,41009.3,66357.2
2025-01-01,test,61551.0,50976.5
2025-01-02,test,89102.0,79175.7
2025-01-03,test,84582.3,74412.6
2025-01-04,test,59392.6,60358.9
2025-01-05,test,61124.6,56485.4
2025-01-06,test,65368.7,69000.0
2025-01-07,test,75389.1,67059.6
2025-01-08,test,78959.4,77215.7
2025-01-09,test,79188.1,76346.9
2025-01-10,test,85188.0,80538.0
2025-01-11,test,65504.7,70642.3
2025-01-12,test,68179.8,66446.7
2025-01-13,test,94539.4,83538.3
2025-01-14,test,96619.0,89816.6
2025-01-15,test,91028.1,93353.2
2025-01-16,test,84903.0,85654.1
2025-01-17,test,94117.5,79945.6
2025-01-18,test,74595.7,63389.1
2025-01-19,test,51658.6,60894.3
2025-01-20,test,42922.7,59789.1
2025-01-21,test,50012.1,83851.4
2025-01-22,test,56466.5,91608.4
2025-01-23,test,61767.6,81307.7
2025-01-24,test,65881.7,74856.4
2025-01-25,test,53163.6,63255.5
2025-01-26,test,59283.2,58537.7
2025-01-27,test,80791.4,80387.1
2025-01-28,test,96155.4,81846.6
2025-01-29,test,110007.5,85571.0
2025-01-30,test,93142.8,78895.4
2025-01-31,test,88457.4,75661.6
2025-02-01,test,67116.7,63238.7
2025-02-02,test,52898.9,53682.5
2025-02-03,test,93056.0,66498.8
2025-02-04,test,105221.4,78671.0
2025-02-05,test,103432.6,90610.2
2025-02-06,test,61718.6,85921.0
2025-02-07,test,89660.0,74962.1
2025-02-08,test,44237.3,73171.7
2025-02-09,test,52344.0,60945.5
2025-02-10,test,76700.4,74083.1
2025-02-11,test,67536.5,78729.2
2025-02-12,test,73171.3,82962.8
2025-02-13,test,75902.0,71333.7
2025-02-14,test,85112.9,79065.4
2025-02-15,test,43399.6,69589.5
2025-02-16,test,36358.3,66370.1
2025-02-17,test,60059.4,59583.8
2025-02-18,test,59050.7,80757.8
2025-02-19,test,70835.3,91900.5
2025-02-20,test,69900.6,88087.6
2025-02-21,test,72710.3,86728.9
2025-02-22,test,53332.9,73425.0
2025-02-23,test,63361.8,75872.5
2025-02-24,test,88478.4,87379.6
2025-02-25,test,111143.8,87440.4
2025-02-26,test,126188.1,103943.6
2025-02-27,test,123467.5,92860.0
2025-02-28,test,120297.6,95558.4
2025-03-01,test,120377.1,76326.2
2025-03-02,test,69436.7,67383.8
2025-03-03,test,81620.0,80474.7
2025-03-04,test,120854.6,87352.5
2025-03-05,test,48425.7,95171.0
2025-03-06,test,115654.9,96749.8
2025-03-07,test,113703.1,84333.1
2025-03-08,test,88775.8,84036.4
2025-03-09,test,91459.3,87519.8
2025-03-10,test,133841.1,90013.0
2025-03-11,test,163029.6,114114.6
2025-03-12,test,147436.0,114361.3
2025-03-13,test,129004.9,101987.5
2025-03-14,test,125071.9,96929.9
2025-03-15,test,100867.6,86485.8
2025-03-16,test,103225.3,88527.7
2025-03-17,test,65371.5,102236.3
2025-03-18,test,130635.1,104387.4
2025-03-19,test,153474.2,112249.6
2025-03-20,test,64663.6,100025.4
2025-03-21,test,100943.3,98251.7
2025-03-22,test,125417.2,87461.4
2025-03-23,test,86993.4,75928.1
2025-03-24,test,59512.0,76531.9
2025-03-25,test,119005.1,107610.7
2025-03-26,test,131641.8,120487.0
2025-03-27,test,130047.8,109590.9
2025-03-28,test,117010.8,92132.0
2025-03-29,test,152605.6,76232.8
2025-03-30,test,86710.8,83514.2
2025-03-31,test,85483.1,92854.7
2025-04-01,test,115073.1,109641.5
2025-04-02,test,130037.5,113400.5
2025-04-03,test,145181.7,100204.0
2025-04-04,test,138162.2,96340.6
2025-04-05,test,85911.2,84305.2
2025-04-06,test,55438.5,90193.6
2025-04-07,test,83187.7,104241.3
2025-04-08,test,110622.4,123634.8
2025-04-09,test,116358.3,120651.0
2025-04-10,test,117803.8,118560.2
2025-04-11,test,69224.2,114986.3
2025-04-12,test,41432.9,107871.1
2025-04-13,test,81208.6,108634.1
2025-04-14,test,108604.2,124986.4
2025-04-15,test,138087.9,121402.9
2025-04-16,test,131309.9,141193.7
2025-04-17,test,136548.9,143034.0
2025-04-18,test,154914.1,132997.1
2025-04-19,test,162961.1,116732.8
2025-04-20,test,151181.6,111957.6
2025-04-21,test,139149.0,136586.2
2025-04-22,test,178633.3,142132.3
2025-04-23,test,195809.8,161595.8
2025-04-24,test,197852.2,154707.9
2025-04-25,test,203884.2,131856.4
2025-04-26,test,120127.1,127682.2
2025-04-27,test,123411.2,110166.9
2025-04-28,test,173869.3,139389.1
2025-04-29,test,201292.4,148715.6
2025-04-30,test,208350.3,157711.5
2025-05-01,test,200992.5,161415.6
2025-05-02,test,205515.1,146517.3
2025-05-03,test,153054.6,145147.5
2025-05-04,test,123702.8,127281.6
2025-05-05,test,80491.9,130425.7
2025-05-06,test,136148.4,151597.4
2025-05-07,test,199109.6,159189.2
2025-05-08,test,202250.3,169208.8
2025-05-09,test,74920.3,157079.1
2025-05-10,test,154209.3,147710.1
2025-05-11,test,155787.8,139967.3
2025-05-12,test,169873.6,149200.4
2025-05-13,test,170739.5,143751.2
2025-05-14,test,72263.3,176615.6
2025-05-15,test,183790.0,182299.3
2025-05-16,test,151983.5,163585.8
2025-05-17,test,171424.9,159097.2
2025-05-18,test,156872.6,150911.9
2025-05-19,test,174429.0,159380.6
2025-05-20,test,184051.5,171574.3
2025-05-21,test,144482.4,200123.7
2025-05-22,test,50996.2,177929.1
2025-05-23,test,125737.6,180911.4
2025-05-24,test,151184.4,153991.0
2025-05-25,test,138382.6,140540.0
2025-05-26,test,144003.6,159862.5
2025-05-27,test,160494.5,176936.8
2025-05-28,test,104284.8,168618.0
2025-05-29,test,124599.7,160930.1
2025-05-30,test,172634.6,160658.0
2025-05-31,test,101959.4,156351.9
2025-06-01,test,137794.8,143125.7
2025-06-02,test,165980.8,164324.4
2025-06-03,test,180659.0,182837.1
2025-06-04,test,190496.0,187624.0
2025-06-05,test,179379.3,186390.1
2025-06-06,test,183184.3,172722.6
2025-06-07,test,145271.3,165310.6
2025-06-08,test,155572.9,157488.8
2025-06-09,test,155686.9,178176.6
2025-06-10,test,152169.7,195433.0
2025-06-11,test,197303.6,204913.5
2025-06-12,test,198199.6,190166.5
2025-06-13,test,196244.4,189202.6
2025-06-14,test,130993.3,172381.2
2025-06-15,test,125029.7,162184.2
2025-06-16,test,137685.3,179965.9
2025-06-17,test,164519.6,194775.0
2025-06-18,test,192348.2,205433.5
2025-06-19,test,164926.4,178076.5
2025-06-20,test,186731.8,190397.9
2025-06-21,test,176871.4,170752.9
2025-06-22,test,150161.7,158879.7
2025-06-23,test,166387.1,181665.5
2025-06-24,test,177951.8,201627.6
2025-06-25,test,179218.5,207528.8
2025-06-26,test,194586.8,196565.3
2025-06-27,test,162027.6,176928.4
2025-06-28,test,165160.7,156647.4
2025-06-29,test,148660.5,152366.8
2025-06-30,test,167919.3,168129.3
2025-07-01,test,159030.2,176735.5
2025-07-02,test,174202.6,177269.3
2025-07-03,test,176353.4,169735.4
2025-07-04,test,152952.9,148178.2
2025-07-05,test,164496.9,154378.0
2025-07-06,test,148611.2,136635.8
2025-07-07,test,171991.2,162420.5
2025-07-08,test,171641.9,181288.3
2025-07-09,test,187223.2,190720.4
2025-07-10,test,180902.7,187086.3
2025-07-11,test,189393.6,178956.0
2025-07-12,test,178129.3,167026.3
2025-07-13,test,168333.5,158779.2
2025-07-14,test,135465.2,168089.4
2025-07-15,test,189147.5,192495.4
2025-07-16,test,198539.3,196881.4
2025-07-17,test,197060.4,185979.6
2025-07-18,test,201356.7,177186.7
2025-07-19,test,185807.2,170743.9
2025-07-20,test,170946.8,160290.5
2025-07-21,test,192531.6,175159.0
2025-07-22,test,215523.4,188936.1
2025-07-23,test,221994.1,193275.9
2025-07-24,test,214128.6,188247.6
2025-07-25,test,193171.6,177265.8
2025-07-26,test,184220.5,172017.1
2025-07-27,test,171691.8,158145.1
2025-07-28,test,188930.9,182850.7
2025-07-29,test,196686.1,191818.9
2025-07-30,test,179597.6,195186.9
2025-07-31,test,178426.1,194720.3
2025-08-01,test,185581.7,181768.1
2025-08-02,test,186416.9,176578.6
2025-08-03,test,174325.3,158743.2
2025-08-04,test,199279.6,175123.9
2025-08-05,test,207678.1,191274.5
2025-08-06,test,193992.5,207290.9
2025-08-07,test,199747.2,172484.9
2025-08-08,test,204134.5,178781.8
2025-08-09,test,193996.6,170228.0
2025-08-10,test,172578.1,156151.8
2025-08-11,test,199765.4,168172.8
2025-08-12,test,210507.7,196793.3
2025-08-13,test,184666.0,188836.0
2025-08-14,test,197766.7,192161.5
2025-08-15,test,205373.1,183533.0
2025-08-16,test,190055.9,180060.7
2025-08-17,test,142700.0,152551.3
2025-08-18,test,181334.7,167803.9
2025-08-19,test,210909.9,183780.1
2025-08-20,test,135917.1,202581.5
2025-08-21,test,141901.7,186224.7
2025-08-22,test,202107.3,170290.5
2025-08-23,test,192445.3,171202.0
2025-08-24,test,169588.7,160915.0
2025-08-25,test,194873.5,183909.9
2025-08-26,test,206455.3,196254.7
2025-08-27,test,211882.8,205735.7
2025-08-28,test,205117.0,193880.1
2025-08-29,test,205999.6,187960.4
2025-08-30,test,183274.4,172867.3
2025-08-31,test,169108.8,157451.7
2025-09-01,test,167048.8,161230.3
2025-09-02,test,201693.5,176459.9
2025-09-03,test,219096.7,200475.2
2025-09-04,test,167910.2,201426.5
2025-09-05,test,186355.5,197839.0
2025-09-06,test,160317.2,157170.0
2025-09-07,test,108797.6,163124.8
2025-09-08,test,178138.3,184095.6
2025-09-09,test,203592.3,191361.8
2025-09-10,test,181435.7,182982.2
2025-09-11,test,197116.4,191635.2
2025-09-12,test,202970.6,191976.3
2025-09-13,test,187856.9,173255.3
2025-09-14,test,176171.3,169915.4
2025-09-15,test,199642.5,194762.1
2025-09-16,test,208415.7,212664.1
2025-09-17,test,218124.1,219927.2
2025-09-18,test,214882.4,195370.8
2025-09-19,test,214356.7,200997.8
2025-09-20,test,190835.5,176285.4
2025-09-21,test,173695.2,170162.5
2025-09-22,test,203281.2,192423.8
2025-09-23,test,225365.0,191504.0
2025-09-24,test,200257.3,202820.3
2025-09-25,test,157439.2,181303.0
2025-09-26,test,205632.2,196118.7
2025-09-27,test,186823.7,180052.1
2025-09-28,test,160082.5,145190.3
2025-09-29,test,198119.5,167015.8
2025-09-30,test,220169.1,174651.8
2025-10-01,test,221157.3,178683.0
2025-10-02,test,198439.8,177226.5
2025-10-03,test,205827.0,164879.8
2025-10-04,test,194301.1,162472.5
2025-10-05,test,177473.5,156264.3
2025-10-06,test,206971.4,186494.6
2025-10-07,test,227808.8,199936.3
2025-10-08,test,172913.1,200748.7
2025-10-09,test,184769.6,171929.9
2025-10-10,test,187853.6,178304.1
2025-10-11,test,142032.0,163510.3
2025-10-12,test,98559.5,155003.5
2025-10-13,test,69667.6,147465.3
2025-10-14,test,187498.9,175350.3
2025-10-15,test,191975.8,201029.2
2025-10-16,test,183461.4,181468.0
2025-10-17,test,186002.0,166784.1
2025-10-18,test,167892.8,159541.7
2025-10-19,test,163602.7,149624.4
2025-10-20,test,185320.7,158228.8
2025-10-21,test,186415.4,192804.3
2025-10-22,test,137777.4,187566.3
2025-10-23,test,168796.1,179118.1
2025-10-24,test,176428.8,174825.3
2025-10-25,test,157104.6,163895.2
2025-10-26,test,143032.2,135799.6
2025-10-27,test,167639.0,150619.3
2025-10-28,test,170265.6,162132.5
2025-10-29,test,164321.1,150749.5
2025-10-30,test,89540.0,153305.4
2025-10-31,test,155552.8,157844.1
2025-11-01,test,148482.5,153170.1
2025-11-02,test,135925.2,140571.8
2025-11-03,test,145493.1,159830.4
2025-11-04,test,159323.5,176654.1
2025-11-05,test,189089.0,179013.8
2025-11-06,test,164771.7,171227.8
2025-11-07,test,164164.4,164813.7
2025-11-08,test,133734.1,148595.1
2025-11-09,test,109929.8,134023.5
2025-11-10,test,104431.5,148432.8
2025-11-11,test,72242.2,135455.9
2025-11-12,test,130809.0,159867.5
2025-11-13,test,137308.3,145813.8
2025-11-14,test,140985.3,141163.9
2025-11-15,test,114252.7,116921.9
2025-11-16,test,92919.3,104387.5
2025-11-17,test,108373.8,136521.2
2025-11-18,test,123962.1,148330.0
2025-11-19,test,110789.1,144177.4
2025-11-20,test,127037.1,141053.0
2025-11-21,test,135140.4,129967.8
2025-11-22,test,82603.2,94616.2
2025-11-23,test,91552.7,86038.3
2025-11-24,test,118085.3,103118.2
2025-11-25,test,94389.5,124778.1
2025-11-26,test,104331.1,121495.6
2025-11-27,test,52637.9,66792.0
2025-11-28,test,83714.6,101187.4
2025-11-29,test,87645.9,90770.3
2025-11-30,test,79374.8,81478.1
2025-12-01,test,108993.7,88325.3
2025-12-02,test,54934.0,112154.9
2025-12-03,test,104128.3,120490.5
2025-12-04,test,103577.5,125931.3
2025-12-05,test,89105.5,119717.0
2025-12-06,test,86433.1,92525.7
2025-12-07,test,84596.0,84766.2
2025-12-08,test,91912.0,110920.2
2025-12-09,test,85049.5,108206.3
2025-12-10,test,115046.3,115778.1
2025-12-11,test,112183.8,112020.5
2025-12-12,test,97111.1,117010.2
2025-12-13,test,81711.4,95388.5
2025-12-14,test,39636.5,87623.6
2025-12-15,test,71722.7,104824.5
2025-12-16,test,100245.3,105276.2
2025-12-17,test,109789.1,93414.2
2025-12-18,test,122815.1,85290.1
2025-12-19,test,64717.1,94718.6
2025-12-20,test,69523.8,73498.4
2025-12-21,test,67054.4,67539.4
2025-12-22,test,79904.7,79689.5
2025-12-23,test,57830.6,74976.6
2025-12-24,test,63145.7,74010.8
2025-12-25,test,41016.3,42888.6
2025-12-26,test,21387.6,58928.3
2025-12-27,test,11397.3,54906.6
2025-12-28,test,31006.2,52059.4
2025-12-29,test,44205.5,62757.7
2025-12-30,test,59517.9,72648.3
2025-12-31,test,65383.6,79198.5
2026-01-01,test,37529.8,51373.5
2026-01-02,test,52666.9,78329.0
2026-01-03,test,43139.5,58853.0
2026-01-04,test,46959.6,59992.3
2026-01-05,test,72635.3,71677.2
2026-01-06,test,88362.4,76344.3
2026-01-07,test,103045.8,71359.1
2026-01-08,test,107969.5,75581.6
2026-01-09,test,121265.8,78119.8
2026-01-10,test,78457.2,66503.2
2026-01-11,test,84330.8,68788.6
2026-01-12,test,100285.6,85437.2
2026-01-13,test,116305.0,96281.9
2026-01-14,test,132941.0,96379.1
2026-01-15,test,116929.9,93693.9
2026-01-16,test,92480.0,87104.5
2026-01-17,test,58456.7,62379.5
2026-01-18,test,41388.2,58951.0
2026-01-19,test,59797.9,62755.8
2026-01-20,test,69873.4,83366.4
2026-01-21,test,82020.3,94453.5
2026-01-22,test,104710.7,90960.5
2026-01-23,test,85588.7,84624.4
2026-01-24,test,39402.5,62411.1
2026-01-25,test,8441.6,57833.7
2026-01-26,test,20711.6,74666.3
2026-01-27,test,20936.6,90891.0
2026-01-28,test,24424.9,89485.1
2026-01-29,test,33449.7,84625.5
2026-01-30,test,28031.9,82146.3
2026-01-31,test,29709.1,64554.8
2026-02-01,test,28178.1,61368.9
2026-02-02,test,52951.4,68875.8
2026-02-03,test,71395.3,75965.4
2026-02-04,test,78467.0,86771.0
2026-02-05,test,68742.7,90118.7
2026-02-06,test,65615.9,87932.9
2026-02-07,test,31699.6,64435.0
2026-02-08,test,21739.8,70182.6
2026-02-09,test,41248.2,78051.8
2026-02-10,test,64839.1,85497.4
2026-02-11,test,88628.1,85625.0
2026-02-12,test,86543.4,82403.1
2026-02-13,test,76531.3,71956.4
2026-02-14,test,73449.2,66223.5
2026-02-15,test,69646.3,67035.5
2026-02-16,test,63406.2,70746.6
2026-02-17,test,94670.4,77464.1
2026-02-18,test,94583.9,89317.6
2026-02-19,test,107773.8,93168.2
2026-02-20,test,77896.6,92289.7
2026-02-21,test,91077.4,78449.9
2026-02-22,test,27238.6,70011.9
2026-02-23,test,4759.5,94452.4
2026-02-24,test,26070.5,100418.3
2026-02-25,test,28287.6,94095.2
2026-02-26,test,56095.8,104284.1
2026-02-27,test,85671.0,94825.3
2026-02-28,test,90650.5,83588.4
2026-03-01,test,71282.9,74527.7
2026-03-02,test,72041.8,84067.0
2026-03-03,test,75824.6,88731.9
2026-03-04,test,104636.9,93297.4
2026-03-05,test,38415.6,91608.8
2026-03-06,test,63761.6,97292.3
2026-03-07,test,97253.8,72470.4
2026-03-08,test,105065.3,80223.2
2026-03-09,test,139875.2,107785.5
2026-03-10,test,163304.8,101327.5
2026-03-11,test,152858.1,122955.1
2026-03-12,test,131357.7,112965.5
2026-03-13,test,119160.7,102059.3
2026-03-14,test,106092.9,86869.2
2026-03-15,test,90984.1,82822.9
2026-03-16,test,72173.8,106843.2
2026-03-17,test,102108.3,115319.7
2026-03-18,test,94673.2,114084.6
2026-03-19,test,101441.9,111414.7
2026-03-20,test,118865.5,101506.2
2026-03-21,test,114163.1,90747.0
2026-03-22,test,80134.6,84565.1
2026-03-23,test,78517.7,96475.3
2026-03-24,test,116796.6,87180.5
2026-03-25,test,133251.2,118054.5
2026-03-26,test,158872.8,122372.7
2026-03-27,test,163725.6,110587.0
2026-03-28,test,94777.7,83681.4
2026-03-29,test,101587.1,71464.0
2026-03-30,test,147644.5,101561.4
2026-03-31,test,173404.4,107210.5
2026-04-01,test,174114.7,117381.3
2026-04-02,test,116506.5,112272.9
2026-04-03,test,153474.8,100674.4
2026-04-04,test,153718.8,88051.1
2026-04-05,test,76680.1,78693.2
2026-04-06,test,127321.2,104726.2
2026-04-07,test,150284.4,114618.1
2026-04-08,test,137935.8,130432.1
2026-04-09,test,127303.5,117239.3
2026-04-10,test,160409.5,116950.2
2026-04-11,test,147003.6,105516.8
2026-04-12,test,119562.0,98241.6
2026-04-13,test,163968.1,123839.5
2026-04-14,test,184246.5,136513.1
2026-04-15,test,197426.3,126478.7
2026-04-16,test,196227.8,136435.4
2026-04-17,test,172211.4,140664.0
2026-04-18,test,158436.8,121111.3
2026-04-19,test,107984.0,107545.5
2026-04-20,test,142136.8,130110.4
2026-04-21,test,165757.8,151195.1
2026-04-22,test,165848.9,148899.1
2026-04-23,test,186647.5,155624.7
2026-04-24,test,185580.7,152602.5
2026-04-25,test,42408.3,118655.2
2026-04-26,test,112187.8,116322.5
2026-04-27,test,172852.3,128675.9
2026-04-28,test,186359.8,153483.7
2026-04-29,test,125054.4,156145.2
2026-04-30,test,134515.8,152171.2
2026-05-01,test,166128.4,157085.0
2026-05-02,test,126829.6,133194.9
2026-05-03,test,120777.7,130301.7
2026-05-04,test,166745.8,145388.0
2026-05-05,test,185093.9,140482.0
2026-05-06,test,165138.1,155274.0
2026-05-07,test,132210.4,151340.8
2026-05-08,test,157368.7,166352.2
2026-05-09,test,118605.0,140674.8
2026-05-10,test,147263.4,133827.6
2026-05-11,test,162977.1,159869.5
2026-05-12,test,175745.7,160929.3
2026-05-13,test,190695.6,148339.6
2026-05-14,test,176991.9,168146.6
2026-05-15,test,177215.8,178280.6
2026-05-16,test,179792.4,145048.2
2026-05-17,test,167853.8,144351.1
2026-05-18,test,190645.5,172309.9
2026-05-19,test,195740.1,171354.1
2026-05-20,test,187988.5,177205.6
2026-05-21,test,144164.8,189433.5
2026-05-22,test,175052.7,172813.3
2026-05-23,test,60259.0,160648.4
2026-05-24,test,58872.2,139134.9
2026-05-25,test,122267.8,145109.8
2026-05-26,test,175764.4,181736.0
2026-05-27,test,195298.9,184270.6
2026-05-28,test,174234.4,159965.6
2026-05-29,test,169876.7,157943.9
2026-05-30,test,141365.0,144740.5
2026-05-31,test,146279.6,139876.2
2026-06-01,test,174820.9,161883.4
2026-06-02,test,201656.4,177408.6
2026-06-03,test,216169.2,186895.7
2026-06-04,test,204685.4,176805.3
2026-06-05,test,201191.8,181675.8
2026-06-06,test,160144.0,155753.0
2026-06-07,test,156120.5,150549.1
2026-06-08,test,190138.4,177076.9
2026-06-09,test,212849.0,189883.2
2026-06-10,test,222034.6,198878.4
2026-06-11,test,180844.9,194356.6
2026-06-12,test,161269.6,185821.4
2026-06-13,test,170865.9,170269.9
2026-06-14,test,141532.1,155359.5
2026-06-15,test,175511.5,183759.9
2026-06-16,test,210763.9,193271.6
2026-06-17,test,216734.7,200069.8
2026-06-18,test,204158.3,193664.8
2026-06-19,test,172560.6,171355.1
2026-06-20,test,176038.5,171229.5
2026-06-21,test,166695.8,153987.1
2026-06-22,test,92189.5,180013.4
2026-06-23,test,169231.9,194593.5
2026-06-24,test,212449.1,206281.0
2026-06-25,test,203642.3,196248.6
2026-06-26,test,163169.1,190637.0
2026-06-27,test,152293.6,158417.2
2026-06-28,test,159383.8,142174.8
2026-06-29,test,182658.4,172669.1
2026-06-30,test,183754.1,179948.7
2026-07-01,test,175662.8,181672.7
2026-07-02,test,167624.4,168773.4
2026-07-03,test,139739.6,142984.6
2026-07-04,test,135616.6,152565.4
2026-07-05,test,129395.4,140911.1
2026-07-06,test,100039.0,155554.5
2026-07-07,test,167880.1,174718.2
2026-07-08,test,194804.0,185225.6
2026-07-09,test,180310.2,182020.4
2026-07-10,test,182153.4,179041.1
2026-07-11,test,170066.5,163444.3
2026-07-12,test,164930.8,151030.4
2026-07-13,test,185486.1,179434.3
2026-07-14,test,202293.6,181590.6
2026-07-15,test,176703.2,198570.1
2026-07-16,test,189616.6,185641.1
2026-07-17,test,199155.2,180802.6
2026-07-18,test,89326.9,159786.3
2026-07-19,test,158948.7,156387.5
2026-07-20,test,195850.9,181796.0
2026-07-21,test,179074.8,189045.9
2026-07-22,test,203116.0,194429.2
2026-07-23,test,204516.9,183079.9
2026-07-24,test,208691.7,183812.8
2026-07-25,test,181039.6,157799.5
2026-07-26,test,170696.0,156973.0
2026-07-27,test,166617.7,179378.7
2026-07-28,test,159012.4,196658.2
2026-07-29,test,171403.2,197393.7
2026-07-30,test,160672.2,184497.3
2026-07-31,test,192808.7,188990.0
2026-08-01,test,188679.4,166883.6
2026-08-02,test,151237.9,159040.1
2026-08-03,test,111136.1,182545.8
2026-08-04,test,180714.9,190977.7
2026-08-05,test,184699.7,199233.0
2026-08-06,test,178444.6,198835.5
2026-08-07,test,146585.4,169239.5
2026-08-08,test,184382.3,166077.7
2026-08-09,test,167632.3,152005.0
2026-08-10,test,167764.3,178695.1
2026-08-11,test,193100.9,183249.6
2026-08-12,test,207559.0,203839.4
2026-08-13,test,186614.3,181443.3
2026-08-14,test,191650.2,188787.2
2026-08-15,test,192881.3,168817.3
2026-08-16,test,151993.8,160479.9
2026-08-17,test,157854.9,174777.6
2026-08-18,test,179517.1,183756.5
2026-08-19,test,205278.8,191412.5
2026-08-20,test,135843.4,194510.3
2026-08-21,test,195752.0,182706.1
2026-08-22,test,188572.4,155217.1
2026-08-23,test,120957.0,153430.2
2026-08-24,test,174477.1,183512.5
2026-08-25,test,198626.7,199344.3
2026-08-26,test,212776.7,204689.4
2026-08-27,test,152348.6,196810.5
2026-08-28,test,191087.4,190201.4
2026-08-29,test,183583.9,167919.2
2026-08-30,test,148030.1,157144.8
