month,total,member,casual,days,level_12m,member_level_12m,casual_level_12m
2013-06,568492,332044,236448,30,,,
2013-07,837138,663902,173236,31,,,
2013-08,994824,810715,184109,31,,,
2013-09,1028203,884519,143684,30,,,
2013-10,1032390,935935,96455,31,,,
2013-11,672486,628956,43530,30,,,
2013-12,441950,422820,19130,31,,,
2014-01,299021,291850,7171,31,,,
2014-02,223308,216692,6616,28,,,
2014-03,437175,414564,22611,31,,,
2014-04,667180,604980,62200,30,,,
2014-05,859977,753961,106016,31,,,
2014-06,930059,813436,116623,30,,,
2014-07,962189,844778,117411,31,22088.065753424657,19071.06301369863,3017.0027397260274
2014-08,956409,822597,133812,31,23078.660273972604,20389.945205479453,2688.7150684931507
2014-09,948100,850137,97963,30,23421.265753424657,20885.49589041096,2535.769863013699
2014-10,824359,756211,68148,31,23316.01917808219,20918.049315068492,2397.9698630136986
2014-11,526628,498999,27629,30,23096.55890410959,20823.85205479452,2272.7068493150687
2014-12,397217,381020,16197,31,22526.610958904108,20331.457534246576,2195.1534246575343
2015-01,284292,278730,5562,31,22127.0,19975.41095890411,2151.5890410958905
2015-02,195945,193718,2227,28,22004.44383561644,19860.890410958906,2143.5534246575344
2015-03,340143,327486,12657,31,21964.090410958903,19824.945205479453,2139.145205479452
2015-04,649199,583866,65333,30,21889.12328767123,19762.002739726027,2127.1205479452055
2015-05,957330,791216,166114,31,21623.28219178082,19523.43287671233,2099.849315068493
2015-06,937415,807964,129451,30,21574.01917808219,19465.58630136986,2108.432876712329
2015-07,1080981,901911,179070,31,21840.739726027397,19567.65479452055,2273.0849315068494
2015-08,1171881,953841,218040,31,21860.893150684933,19552.66301369863,2308.230136986301
2015-09,1283823,1075418,208405,30,22186.350684931505,19709.19178082192,2477.158904109589
2015-10,1206938,1061743,145195,31,22776.68493150685,20068.764383561644,2707.9205479452053
2015-11,983344,883679,99665,30,23696.47397260274,20685.972602739726,3010.5013698630137
2015-12,801262,734035,67227,31,24744.635616438358,21523.046575342465,3221.5890410958905
2016-01,507852,483521,24331,31,25995.912328767125,22576.964383561644,3418.9479452054793
2016-02,559083,529561,29522,29,27102.88493150685,23544.12876712329,3558.7561643835616
2016-03,916788,824461,92327,31,27715.378082191783,24105.2,3610.178082191781
2016-04,1009450,880162,129288,30,28631.833333333332,24956.94262295082,3674.8907103825136
2016-05,1207282,1048776,158506,31,30207.36612021858,26314.79781420765,3892.568306010929
2016-06,1454283,1299021,155262,30,31191.658469945356,27124.349726775956,4067.308743169399
2016-07,1373991,1174048,199943,31,31874.587431693988,27828.06557377049,4046.5218579234975
2016-08,1551089,1334973,216116,31,33286.79508196721,29169.751366120217,4117.043715846995
2016-09,1641869,1422663,219206,30,34087.36885245902,29913.29508196721,4174.073770491803
2016-10,1568214,1398356,152073,31,35123.456284153006,30954.639344262294,4168.81693989071
2016-11,1193045,1095395,85240,30,36101.72404371585,31903.39617486339,4198.327868852459
2016-12,809738,772116,32287,31,37088.81693989071,32823.10382513661,4217.120218579235
2017-01,724366,698422,22792,31,37661.770491803276,33401.56284153005,4177.707650273224
2017-02,789105,739092,42520,28,37684.928961748636,33505.60928961749,4082.243169398907
2017-03,725224,693641,26514,31,38276.497267759565,34092.770491803276,4078.03825136612
2017-04,1309217,1122446,186771,30,39011.561643835616,34760.232876712325,4124.821917808219
2017-05,1517041,1329219,187822,31,38486.728767123284,34401.82191780822,3944.512328767123
2017-06,1723801,1511581,212220,30,39308.00821917808,35065.613698630135,4102.0
2017-07,1727084,1468285,258799,31,40156.66301369863,35833.95068493151,4182.317808219178
2017-08,1807918,1552953,254965,31,40895.068493150684,36416.30684931507,4338.367123287671
2017-09,1870911,1638309,232602,30,41862.44657534247,37222.43561643836,4499.6164383561645
2017-10,1891325,1688362,202963,31,42566.087671232875,37819.64109589041,4606.052054794521
2017-11,1327044,1238673,88371,30,43193.6,38410.45205479452,4642.753424657534
2017-12,887877,853797,34080,31,44078.83561643836,39204.98904109589,4782.178082191781
2018-01,717126,695283,21843,31,44445.95616438356,39597.531506849315,4790.756164383562
2018-02,840900,807924,32976,28,44660.035616438356,39821.31506849315,4795.668493150685
2018-03,974024,915592,58432,31,44640.2,39812.71506849315,4793.068493150685
2018-04,1302916,1155114,147802,30,44782.10410958904,40001.29589041096,4766.920547945206
2018-05,1817269,1577289,239980,31,45463.747945205476,40609.38082191781,4854.367123287671
2018-06,1944895,1689483,255412,30,45446.48493150685,40698.88219178082,4747.602739726028
2018-07,1905831,1623571,282260,31,46269.02739726027,41378.52602739726,4890.501369863014
2018-08,1969278,1698171,271107,31,46874.76438356165,41865.92876712329,5008.835616438356
2018-09,1870174,1611381,258793,30,47364.48219178082,42291.3698630137,5073.1123287671235
2018-10,1872258,1681503,190755,31,47806.56438356164,42689.22739726027,5117.3369863013695
2018-11,1256297,1161590,94707,30,47804.54520547945,42615.45205479452,5189.093150684931
2018-12,1013196,952663,60533,31,47752.30684931507,42596.6602739726,5155.646575342465
2019-01,964072,924288,39784,31,47558.479452054795,42385.47397260274,5173.005479452055
2019-02,940584,894741,45843,28,47901.819178082194,42656.3397260274,5245.479452054795
2019-03,1322635,1217204,105431,31,48578.38356164384,43283.75068493151,5294.632876712329
2019-04,1757785,1530859,226926,30,48851.490410958904,43521.60547945205,5329.884931506849
2019-05,1916005,1624429,291576,31,49806.58904109589,44347.9397260274,5458.649315068493
2019-06,2115584,1746205,369379,30,51052.80547945206,45377.37808219178,5675.427397260274
2019-07,2172037,1797294,374743,31,51323.31506849315,45506.52876712329,5816.786301369863
2019-08,2334647,1894369,440278,31,51790.95616438356,45661.931506849316,6129.024657534246
2019-09,2435795,2004608,431187,30,52520.28767123288,46137.88493150685,6382.402739726027
2019-10,2085986,1792304,293682,31,53521.29863013699,46675.41369863014,6845.884931506849
2019-11,1474916,1323412,151504,30,55070.94520547945,47752.747945205476,7318.1972602739725
2019-12,952830,875740,77090,31,55656.501369863014,48056.312328767126,7600.18904109589
2020-01,1240252,1145754,94498,31,56255.457534246576,48499.6602739726,7755.797260273973
2020-02,1146308,1054923,91385,29,56090.07123287671,48288.912328767125,7801.1589041095895
2020-03,1066925,913555,153370,31,56846.728767123284,48895.66849315068,7951.060273972603
2020-04,680073,515188,164885,30,57253.497267759565,49199.729508196724,8053.767759562841
2020-05,1480032,1008227,471805,31,56554.83606557377,48370.08743169399,8184.748633879782
2020-06,1872809,1301924,570885,30,53610.26775956284,45595.030054644805,8015.237704918033
2020-07,2095930,1526424,569506,31,52419.08469945355,43911.41803278688,8507.666666666666
2020-08,2316840,1682362,634478,31,51755.765027322406,42697.53551912568,9058.22950819672
2020-09,2476331,1837742,638589,30,51547.82240437158,41957.45355191257,9590.368852459016
2020-10,2239315,1705896,533419,31,51499.16939890711,41378.19945355191,10120.969945355191
2020-11,1728591,1357894,370697,30,51609.92349726776,40922.28142076503,10687.642076502732
2020-12,1083331,917166,166165,31,52028.85519125683,40686.19398907104,11342.661202185793
2021-01,1090326,941864,148462,31,52721.956284153006,40780.407103825135,11941.54918032787
2021-02,631638,541984,89654,28,53078.516393442624,40893.592896174865,12184.92349726776
2021-03,1487318,1170129,317189,31,52668.8825136612,40336.516393442624,12332.36612021858
2021-04,2007949,1523757,484192,30,51403.12602739726,39041.71506849315,12361.410958904109
2021-05,2645862,1871250,774612,31,52554.88767123288,39744.65753424657,12810.230136986302
2021-06,3083821,2149018,934803,30,56192.90410958904,42507.860273972605,13685.043835616438
2021-07,2994071,2039221,954850,31,59386.95890410959,44872.30684931507,14514.65205479452
2021-08,2987390,2070511,916879,31,62704.8,47193.11232876712,15511.687671232878
2021-09,3194493,2231000,963493,30,65165.4602739726,48598.035616438356,16567.424657534248
2021-10,2987849,2204129,783720,31,67002.58356164384,49661.457534246576,17341.126027397262
2021-11,2096141,1636615,459526,30,68970.1506849315,50738.87671232877,18231.27397260274
2021-12,1689673,1347192,342481,31,71020.92876712329,52103.89863013699,18917.0301369863
2022-01,1009227,866141,143086,31,72027.91506849315,52867.51780821918,19160.397260273974
2022-02,1185725,994224,191501,28,73689.12602739726,54045.67123287671,19643.45479452055
2022-03,1830657,1465451,365206,31,73466.93698630137,53838.21095890411,19628.72602739726
2022-04,2241195,1672735,568460,30,74984.98356164384,55077.22465753424,19907.75890410959
2022-05,2837820,2180789,657031,31,75925.63835616439,55886.32602739726,20039.312328767122
2022-06,3309573,2501539,808034,30,76564.66849315069,56294.48493150685,20270.183561643837
2022-07,3361002,2548902,812100,31,77090.58082191781,57142.53698630137,19948.043835616438
2022-08,3539329,2662450,876879,31,77709.0794520548,58108.34794520548,19600.731506849315
2022-09,3380057,2588545,791512,30,78714.3698630137,59504.73424657534,19209.635616438358
2022-10,2910470,2298677,611793,31,80226.53150684932,61126.48493150685,19100.046575342465
2022-11,2368117,1934085,434032,30,80734.92602739726,62106.0602739726,18628.865753424656
2022-12,1579498,1355993,223505,31,80522.92876712329,62365.09589041096,18157.832876712328
2023-01,1781119,1548965,232154,31,81268.06849315068,63180.08219178082,18087.986301369863
2023-02,1684282,1482495,201787,28,80966.21917808219,63204.19452054794,17762.024657534246
2023-03,2103656,1822984,280672,31,83080.99178082192,65074.94520547945,18006.046575342465
2023-04,2725178,2212786,512392,30,84446.90136986302,66412.67397260274,18034.227397260274
2023-05,3422865,2756190,666675,31,85194.84383561644,67392.21643835616,17802.627397260276
2023-06,3423592,2732718,690874,30,86520.82465753425,68871.80821917808,17649.016438356164
2023-07,3628331,2795762,832569,31,88123.68767123288,70448.24931506849,17675.438356164384
2023-08,3929264,3048886,880378,31,88436.06849315068,71081.61643835617,17354.45205479452
2023-09,3442063,2725653,716410,30,89168.47671232876,71757.94520547945,17410.531506849315
2023-10,3698242,2993849,704393,31,90236.79178082192,72816.67397260274,17420.117808219176
2023-11,2801031,2342687,458344,30,90406.67123287672,73192.31232876712,17214.358904109587
2023-12,2192819,1861307,331512,31,92564.95068493151,75096.89315068493,17468.057534246575
2024-01,1877468,1671496,205972,31,93751.01643835616,76216.3506849315,17534.66575342466
2024-02,2111969,1861203,250766,29,95431.34794520547,77600.77260273973,17830.575342465752
2024-03,2649960,2230626,419334,31,95695.31780821917,77936.47397260273,17758.843835616437
2024-04,3200873,2609487,591386,30,96602.39890710382,78758.25409836066,17844.14480874317
2024-05,4114431,3264696,849735,31,98095.03278688525,79872.03005464481,18223.00273224044
2024-06,4756700,3650815,1105885,30,99394.74590163934,80955.91256830601,18438.833333333332
2024-07,4698764,3617258,1081506,31,101284.27049180328,82345.27322404372,18938.99726775956
2024-08,4580110,3521679,1058431,31,104926.64207650273,84853.7349726776,20072.907103825135
2024-09,4974405,3939133,1035272,30,107851.32240437159,87098.25956284153,20753.062841530056
2024-10,5128691,4147115,981576,31,109629.59016393442,88390.043715847,21239.546448087433
2024-11,3694870,3078068,616802,30,113816.3169398907,91705.56284153006,22110.754098360656
2024-12,2302509,2011898,290611,31,117724.64754098361,94856.56284153006,22868.084699453553
2025-01,2117835,1917131,200704,31,120166.8306010929,96865.80054644808,23301.03005464481
2025-02,2024927,1833177,191750,28,120466.53005464481,97277.25136612022,23189.27868852459
2025-03,3155879,2711292,444587,31,121123.27049180328,97948.38524590163,23174.885245901638
2025-04,3708939,3098483,610456,30,121216.64383561644,98139.95342465753,23076.690410958905
2025-05,4305002,3469882,835120,31,122602.72328767124,99456.84657534247,23145.87671232877
2025-06,4736249,3791656,944593,30,123994.68493150685,100796.56164383562,23198.12328767123
2025-07,4963156,3916575,1046581,31,124516.79726027398,101358.71506849315,23158.08219178082
2025-08,5096067,3951416,1144651,31,124460.76712328767,101744.58082191781,22716.186301369864
2025-09,5264581,4270006,994575,30,125185.12876712329,102564.62739726028,22620.501369863014
2025-10,4713512,3918699,794813,31,126598.7095890411,103741.98904109589,22856.720547945206
2025-11,3403353,2900184,503169,30,127393.71232876713,104648.4904109589,22745.22191780822
2025-12,2083797,1866224,217573,31,126256.23561643835,104022.69315068494,22233.542465753424
2026-01,1809163,1647260,161903,31,125457.5589041096,103535.33972602739,21922.219178082192
2026-02,1213554,1105713,107841,28,124858.34794520547,103136.23287671233,21722.11506849315
2026-03,2931558,2527448,404110,31,124012.67123287672,102396.8602739726,21615.81095890411
2026-04,3843371,3233374,609997,30,121789.73150684932,100403.80821917808,21385.923287671234
2026-05,4672762,3819458,853304,31,121175.15342465753,99900.12602739726,21275.027397260274
2026-06,5358434,4261458,1096976,30,121543.4602739726,100269.69041095891,21273.7698630137
2026-07,4969403,3954356,1015047,31,122551.02191780822,101227.43287671232,21323.58904109589
2026-08,5056597,3965478,1091119,30,124255.63835616439,102514.56164383562,21741.076712328766
