date,predicted_trips,low_trips,high_trips,level_12m,level_source,weekday,holiday,christmas_week,thanksgiving,day_after_thanksgiving,christmas_day,new_years_day,tmax_c,tmin_c,precipitation_mm,snowfall_mm,snow_depth_mm
2026-08-31,166533,161010,172450,124255.6,published months,0,0,0,0,0,0,0,27.5,19.4,3.9,0.0,0.0
2026-09-01,173959,174114,186114,124272.8,published months,1,0,0,0,0,0,0,27.3,19.3,3.9,0.0,0.0
2026-09-02,173303,140984,191832,124272.8,published months,2,0,0,0,0,0,0,27.2,19.2,3.7,0.0,0.0
2026-09-03,172162,156554,185816,124272.8,published months,3,0,0,0,0,0,0,27.1,19.1,3.7,0.0,0.0
2026-09-04,178313,158649,189593,124272.8,published months,4,0,0,0,0,0,0,27.0,19.0,3.5,0.0,0.0
2026-09-05,171077,159834,178163,124272.8,published months,5,0,0,0,0,0,0,26.8,18.9,3.3,0.0,0.0
2026-09-06,135023,91928,161681,124272.8,published months,6,0,0,0,0,0,0,26.7,18.8,2.9,0.0,0.0
2026-09-07,150532,143597,162538,124272.8,published months,0,1,0,0,0,0,0,26.6,18.7,2.6,0.0,0.0
2026-09-08,179401,169174,189045,124272.8,published months,1,0,0,0,0,0,0,26.6,18.5,2.7,0.0,0.0
2026-09-09,183556,163613,200084,124272.8,published months,2,0,0,0,0,0,0,26.4,18.4,2.8,0.0,0.0
2026-09-10,161110,114624,189525,124272.8,published months,3,0,0,0,0,0,0,26.3,18.3,3.1,0.0,0.0
2026-09-11,174190,146529,192273,124272.8,published months,4,0,0,0,0,0,0,26.1,18.2,3.0,0.0,0.0
2026-09-12,166721,144593,181376,124272.8,published months,5,0,0,0,0,0,0,25.9,18.0,3.0,0.0,0.0
2026-09-13,150125,130297,166336,124272.8,published months,6,0,0,0,0,0,0,25.8,17.9,3.1,0.0,0.0
2026-09-14,175763,164296,185257,124272.8,published months,0,0,0,0,0,0,0,25.6,17.8,3.4,0.0,0.0
2026-09-15,192266,182191,199775,124272.8,published months,1,0,0,0,0,0,0,25.4,17.6,3.6,0.0,0.0
2026-09-16,201208,192110,210106,124272.8,published months,2,0,0,0,0,0,0,25.2,17.4,3.7,0.0,0.0
2026-09-17,192032,179840,202087,124272.8,published months,3,0,0,0,0,0,0,25.0,17.2,3.3,0.0,0.0
2026-09-18,179373,125529,199724,124272.8,published months,4,0,0,0,0,0,0,24.8,17.0,3.3,0.0,0.0
2026-09-19,171549,156902,183177,124272.8,published months,5,0,0,0,0,0,0,24.6,16.8,3.4,0.0,0.0
2026-09-20,154325,147168,167259,124272.8,published months,6,0,0,0,0,0,0,24.3,16.6,3.4,0.0,0.0
2026-09-21,181034,166828,188161,124272.8,published months,0,0,0,0,0,0,0,24.1,16.5,3.4,0.0,0.0
2026-09-22,194028,185223,208064,124272.8,published months,1,0,0,0,0,0,0,24.0,16.4,3.2,0.0,0.0
2026-09-23,188593,143605,221736,124272.8,published months,2,0,0,0,0,0,0,23.8,16.2,3.2,0.0,0.0
2026-09-24,178168,138688,204028,124272.8,published months,3,0,0,0,0,0,0,23.6,16.1,3.3,0.0,0.0
2026-09-25,166215,99391,203305,124272.8,published months,4,0,0,0,0,0,0,23.5,15.9,3.3,0.0,0.0
2026-09-26,166612,152330,182054,124272.8,published months,5,0,0,0,0,0,0,23.3,15.8,3.1,0.0,0.0
2026-09-27,156190,142556,165170,124272.8,published months,6,0,0,0,0,0,0,23.1,15.5,3.0,0.0,0.0
2026-09-28,160448,113208,194536,124272.8,published months,0,0,0,0,0,0,0,22.8,15.3,3.0,0.0,0.0
2026-09-29,173166,132341,202639,124272.8,published months,1,0,0,0,0,0,0,22.6,15.2,3.1,0.0,0.0
2026-09-30,172551,127079,206059,124272.8,published months,2,0,0,0,0,0,0,22.4,15.0,3.1,0.0,0.0
2026-10-01,161530,94425,199411,124505.7,published months,3,0,0,0,0,0,0,22.2,14.8,3.3,0.0,0.0
2026-10-02,165063,148023,194072,124505.7,published months,4,0,0,0,0,0,0,21.9,14.5,3.4,0.0,0.0
2026-10-03,141273,76036,173635,124505.7,published months,5,0,0,0,0,0,0,21.7,14.3,3.4,0.0,0.0
2026-10-04,141651,130020,165859,124505.7,published months,6,0,0,0,0,0,0,21.4,14.0,3.2,0.0,0.0
2026-10-05,166489,156331,187113,124505.7,published months,0,0,0,0,0,0,0,21.2,13.8,3.3,0.0,0.0
2026-10-06,187293,172586,206929,124505.7,published months,1,0,0,0,0,0,0,21.1,13.6,3.3,0.0,0.0
2026-10-07,191986,185872,213534,124505.7,published months,2,0,0,0,0,0,0,20.9,13.5,3.5,0.0,0.0
2026-10-08,173696,151302,191616,124505.7,published months,3,0,0,0,0,0,0,20.7,13.3,3.5,0.0,0.0
2026-10-09,158788,131622,186011,124505.7,published months,4,0,0,0,0,0,0,20.5,13.1,3.4,0.0,0.0
2026-10-10,150488,135580,170750,124505.7,published months,5,0,0,0,0,0,0,20.3,13.0,3.3,0.0,0.0
2026-10-11,138798,114205,151488,124505.7,published months,6,0,0,0,0,0,0,20.1,12.8,3.2,0.0,0.0
2026-10-12,140357,118707,154227,124505.7,published months,0,1,0,0,0,0,0,19.8,12.5,3.4,0.0,0.0
2026-10-13,154263,76746,190222,124505.7,published months,1,0,0,0,0,0,0,19.6,12.4,3.6,0.0,0.0
2026-10-14,168658,123238,197462,124505.7,published months,2,0,0,0,0,0,0,19.3,12.1,3.7,0.0,0.0
2026-10-15,176322,160626,185540,124505.7,published months,3,0,0,0,0,0,0,19.1,11.9,3.6,0.0,0.0
2026-10-16,164886,160826,178130,124505.7,published months,4,0,0,0,0,0,0,19.0,11.7,3.6,0.0,0.0
2026-10-17,142514,127868,161851,124505.7,published months,5,0,0,0,0,0,0,18.8,11.6,3.5,0.0,0.0
2026-10-18,135280,122792,151584,124505.7,published months,6,0,0,0,0,0,0,18.7,11.4,3.4,0.0,0.0
2026-10-19,157770,139970,175084,124505.7,published months,0,0,0,0,0,0,0,18.5,11.2,3.3,0.0,0.0
2026-10-20,160298,93736,193816,124505.7,published months,1,0,0,0,0,0,0,18.4,11.0,3.1,0.0,0.0
2026-10-21,183178,154668,202864,124505.7,published months,2,0,0,0,0,0,0,18.2,10.9,3.1,0.0,0.0
2026-10-22,163661,122062,193583,124505.7,published months,3,0,0,0,0,0,0,18.0,10.8,3.2,0.0,0.0
2026-10-23,164213,147449,190483,124505.7,published months,4,0,0,0,0,0,0,17.8,10.5,3.2,0.0,0.0
2026-10-24,145055,136200,158863,124505.7,published months,5,0,0,0,0,0,0,17.6,10.3,3.2,0.0,0.0
2026-10-25,138193,125181,150675,124505.7,published months,6,0,0,0,0,0,0,17.5,10.1,3.1,0.0,0.0
2026-10-26,147736,127699,172082,124505.7,published months,0,0,0,0,0,0,0,17.3,9.9,3.1,0.0,0.0
2026-10-27,154308,84644,190109,124505.7,published months,1,0,0,0,0,0,0,17.1,9.7,3.1,0.0,0.0
2026-10-28,157880,108820,200492,124505.7,published months,2,0,0,0,0,0,0,16.9,9.5,3.1,0.0,0.0
2026-10-29,135675,102872,179719,124505.7,published months,3,0,0,0,0,0,0,16.7,9.2,3.1,0.0,0.0
2026-10-30,134638,80071,174410,124505.7,published months,4,0,0,0,0,0,0,16.4,8.9,3.0,0.0,0.0
2026-10-31,134401,121994,143230,124505.7,published months,5,0,0,0,0,0,0,16.1,8.6,3.1,0.4,0.0
2026-11-01,128334,108747,145246,124505.7,newest level kept,6,0,0,0,0,0,0,15.9,8.5,3.0,0.4,0.3
2026-11-02,147097,130717,167262,124505.7,newest level kept,0,0,0,0,0,0,0,15.7,8.3,3.0,0.4,0.4
2026-11-03,162677,128251,182711,124505.7,newest level kept,1,0,0,0,0,0,0,15.6,8.1,3.1,0.4,0.4
2026-11-04,170307,148030,185929,124505.7,newest level kept,2,0,0,0,0,0,0,15.3,8.0,3.2,0.4,0.4
2026-11-05,158790,141251,173535,124505.7,newest level kept,3,0,0,0,0,0,0,15.0,7.7,3.1,0.4,0.4
2026-11-06,155760,142407,183305,124505.7,newest level kept,4,0,0,0,0,0,0,14.7,7.4,3.1,0.4,0.4
2026-11-07,139786,114850,170100,124505.7,newest level kept,5,0,0,0,0,0,0,14.4,7.1,3.2,0.4,0.4
2026-11-08,126392,99400,151060,124505.7,newest level kept,6,0,0,0,0,0,0,14.1,6.8,3.1,0.4,0.4
2026-11-09,141417,93834,168281,124505.7,newest level kept,0,0,0,0,0,0,0,13.9,6.6,3.3,0.4,0.4
2026-11-10,147043,113302,178327,124505.7,newest level kept,1,0,0,0,0,0,0,13.7,6.4,3.4,0.4,0.4
2026-11-11,129878,88196,159357,124505.7,newest level kept,2,1,0,0,0,0,0,13.6,6.3,3.4,0.5,0.4
2026-11-12,142774,120005,165568,124505.7,newest level kept,3,0,0,0,0,0,0,13.4,6.2,3.3,0.5,0.4
2026-11-13,134120,96966,166460,124505.7,newest level kept,4,0,0,0,0,0,0,13.2,6.0,3.1,0.5,0.4
2026-11-14,112318,93142,138360,124505.7,newest level kept,5,0,0,0,0,0,0,13.0,5.7,2.9,0.5,0.4
2026-11-15,98684,61518,124119,124505.7,newest level kept,6,0,0,0,0,0,0,12.8,5.5,2.7,0.5,0.4
2026-11-16,115478,59814,160851,124505.7,newest level kept,0,0,0,0,0,0,0,12.6,5.4,2.8,0.5,0.4
2026-11-17,141675,117901,175511,124505.7,newest level kept,1,0,0,0,0,0,0,12.4,5.2,2.9,0.5,0.4
2026-11-18,142553,110177,176949,124505.7,newest level kept,2,0,0,0,0,0,0,12.1,5.0,3.0,0.6,0.5
2026-11-19,127429,102195,172015,124505.7,newest level kept,3,0,0,0,0,0,0,11.9,4.8,2.9,0.6,0.5
2026-11-20,130025,115426,165642,124505.7,newest level kept,4,0,0,0,0,0,0,11.6,4.7,3.0,0.6,0.5
2026-11-21,107187,70045,134728,124505.7,newest level kept,5,0,0,0,0,0,0,11.4,4.4,3.3,0.6,0.5
2026-11-22,80537,48464,112131,124505.7,newest level kept,6,0,0,0,0,0,0,11.0,4.2,3.3,0.6,0.5
2026-11-23,95205,68185,119642,124505.7,newest level kept,0,0,0,0,0,0,0,10.7,3.9,3.2,0.6,0.5
2026-11-24,101694,61039,118849,124505.7,newest level kept,1,0,0,0,0,0,0,10.5,3.7,3.5,0.9,0.5
2026-11-25,109320,87621,123805,124505.7,newest level kept,2,0,0,0,0,0,0,10.2,3.6,3.5,0.9,0.8
2026-11-26,63339,49026,81597,124505.7,newest level kept,3,1,0,1,0,0,0,10.0,3.4,3.6,1.0,1.0
2026-11-27,89115,68145,104823,124505.7,newest level kept,4,0,0,0,1,0,0,9.8,3.3,3.6,1.0,1.0
2026-11-28,88800,74246,109594,124505.7,newest level kept,5,0,0,0,0,0,0,9.6,3.1,3.6,1.0,1.0
2026-11-29,79218,62941,104743,124505.7,newest level kept,6,0,0,0,0,0,0,9.5,3.0,3.6,1.3,1.1
2026-11-30,94306,73364,113689,124505.7,newest level kept,0,0,0,0,0,0,0,9.4,3.0,3.6,1.3,1.3
2026-12-01,96200,77726,116253,124505.7,newest level kept,1,0,0,0,0,0,0,9.3,2.9,3.7,0.9,1.6
2026-12-02,103444,67577,131879,124505.7,newest level kept,2,0,0,0,0,0,0,9.2,2.8,3.8,1.3,1.6
2026-12-03,104162,69184,125539,124505.7,newest level kept,3,0,0,0,0,0,0,9.0,2.7,4.0,1.9,2.2
2026-12-04,117422,102937,130254,124505.7,newest level kept,4,0,0,0,0,0,0,8.9,2.6,4.0,1.9,2.9
2026-12-05,92268,77814,111694,124505.7,newest level kept,5,0,0,0,0,0,0,8.7,2.4,3.9,1.9,3.3
2026-12-06,78421,56090,103514,124505.7,newest level kept,6,0,0,0,0,0,0,8.5,2.3,4.0,1.9,3.7
2026-12-07,98518,84513,114462,124505.7,newest level kept,0,0,0,0,0,0,0,8.4,2.2,4.0,2.0,4.2
2026-12-08,110318,98036,124446,124505.7,newest level kept,1,0,0,0,0,0,0,8.4,2.2,4.0,2.0,4.5
2026-12-09,104994,51878,141211,124505.7,newest level kept,2,0,0,0,0,0,0,8.3,2.1,4.0,2.0,4.7
2026-12-10,105934,84947,118702,124505.7,newest level kept,3,0,0,0,0,0,0,8.3,2.1,3.9,2.1,4.9
2026-12-11,102813,75277,120621,124505.7,newest level kept,4,0,0,0,0,0,0,8.1,1.9,3.9,2.2,5.0
2026-12-12,89627,64439,116989,124505.7,newest level kept,5,0,0,0,0,0,0,7.9,1.8,3.8,2.3,5.3
2026-12-13,81482,59384,106531,124505.7,newest level kept,6,0,0,0,0,0,0,7.8,1.7,3.8,2.3,5.7
2026-12-14,92097,58890,133748,124505.7,newest level kept,0,0,0,0,0,0,0,7.7,1.6,3.9,2.3,5.8
2026-12-15,99411,56966,135522,124505.7,newest level kept,1,0,0,0,0,0,0,7.6,1.6,4.0,2.4,5.8
2026-12-16,98913,66122,154479,124505.7,newest level kept,2,0,0,0,0,0,0,7.5,1.6,3.9,2.4,5.8
2026-12-17,82977,41319,106942,124505.7,newest level kept,3,0,0,0,0,0,0,7.5,1.5,3.9,2.4,5.8
2026-12-18,81150,20419,113625,124505.7,newest level kept,4,0,0,0,0,0,0,7.4,1.4,3.9,2.3,5.9
2026-12-19,66567,44792,96010,124505.7,newest level kept,5,0,0,0,0,0,0,7.3,1.3,3.8,2.3,5.8
2026-12-20,64278,47751,85801,124505.7,newest level kept,6,0,0,0,0,0,0,7.2,1.3,3.9,2.3,5.8
2026-12-21,77303,52796,90126,124505.7,newest level kept,0,0,0,0,0,0,0,7.2,1.2,3.9,3.0,5.9
2026-12-22,79024,63242,95732,124505.7,newest level kept,1,0,0,0,0,0,0,7.0,1.0,3.7,3.0,6.4
2026-12-23,71926,42561,94373,124505.7,newest level kept,2,0,0,0,0,0,0,6.9,0.9,3.7,3.2,6.9
2026-12-24,64600,48543,77651,124505.7,newest level kept,3,0,1,0,0,0,0,6.8,0.8,3.8,4.0,7.8
2026-12-25,37077,25523,42655,124505.7,newest level kept,4,1,0,0,0,1,0,6.6,0.6,3.5,3.7,8.7
2026-12-26,44646,27234,53664,124505.7,newest level kept,5,0,1,0,0,0,0,6.5,0.5,3.5,3.7,9.2
2026-12-27,42266,29623,58765,124505.7,newest level kept,6,0,1,0,0,0,0,6.5,0.4,3.6,3.7,9.5
2026-12-28,56678,34457,84332,124505.7,newest level kept,0,0,1,0,0,0,0,6.4,0.4,3.5,3.7,9.9
2026-12-29,63426,39643,83454,124505.7,newest level kept,1,0,1,0,0,0,0,6.5,0.4,3.5,3.7,9.9
2026-12-30,69423,38895,89680,124505.7,newest level kept,2,0,1,0,0,0,0,6.5,0.2,3.5,3.4,9.8
2026-12-31,71341,45521,93531,124505.7,newest level kept,3,0,1,0,0,0,0,6.3,0.1,3.4,3.4,9.5
2027-01-01,45049,37042,64985,124505.7,newest level kept,4,1,0,0,0,0,1,6.1,-0.2,3.1,3.1,9.2
2027-01-02,58291,35946,73377,124505.7,newest level kept,5,0,0,0,0,0,0,6.0,-0.3,3.0,2.7,8.5
2027-01-03,52417,34636,64925,124505.7,newest level kept,6,0,0,0,0,0,0,5.9,-0.3,3.1,2.9,8.1
2027-01-04,69197,59419,91537,124505.7,newest level kept,0,0,0,0,0,0,0,5.9,-0.3,3.1,3.1,7.8
2027-01-05,74724,56414,96349,124505.7,newest level kept,1,0,0,0,0,0,0,5.9,-0.4,3.1,3.1,7.6
2027-01-06,74641,58105,99446,124505.7,newest level kept,2,0,0,0,0,0,0,5.7,-0.6,3.1,3.0,7.4
2027-01-07,66183,20986,103105,124505.7,newest level kept,3,0,0,0,0,0,0,5.5,-0.7,2.8,3.0,7.3
2027-01-08,70445,37489,99049,124505.7,newest level kept,4,0,0,0,0,0,0,5.5,-0.8,3.0,4.8,7.7
2027-01-09,57150,34294,88572,124505.7,newest level kept,5,0,0,0,0,0,0,5.3,-1.0,3.2,5.0,9.3
2027-01-10,56751,43089,79190,124505.7,newest level kept,6,0,0,0,0,0,0,5.3,-1.0,3.3,5.7,10.8
2027-01-11,77044,53076,92568,124505.7,newest level kept,0,0,0,0,0,0,0,5.2,-1.1,3.4,5.9,12.4
2027-01-12,87881,60565,104501,124505.7,newest level kept,1,0,0,0,0,0,0,5.1,-1.1,3.2,6.2,13.7
2027-01-13,93076,60924,114492,124505.7,newest level kept,2,0,0,0,0,0,0,5.0,-1.2,3.2,6.3,15.1
2027-01-14,84795,64719,102580,124505.7,newest level kept,3,0,0,0,0,0,0,4.9,-1.4,3.2,6.7,16.7
2027-01-15,84729,65111,108286,124505.7,newest level kept,4,0,0,0,0,0,0,4.8,-1.6,3.1,6.9,18.6
2027-01-16,60502,32643,77377,124505.7,newest level kept,5,0,0,0,0,0,0,4.6,-1.8,2.9,7.1,20.2
2027-01-17,54891,33609,74093,124505.7,newest level kept,6,0,0,0,0,0,0,4.5,-2.0,2.9,8.1,21.9
2027-01-18,52367,26228,70894,124505.7,newest level kept,0,1,0,0,0,0,0,4.4,-2.1,3.0,8.5,24.0
2027-01-19,74912,59938,96569,124505.7,newest level kept,1,0,0,0,0,0,0,4.5,-2.2,2.9,8.6,26.0
2027-01-20,84023,57508,107072,124505.7,newest level kept,2,0,0,0,0,0,0,4.5,-2.2,2.9,7.9,27.7
2027-01-21,82427,56275,108948,124505.7,newest level kept,3,0,0,0,0,0,0,4.6,-2.2,2.9,8.1,28.8
2027-01-22,84886,67281,104488,124505.7,newest level kept,4,0,0,0,0,0,0,4.6,-2.2,3.0,7.9,29.8
2027-01-23,63386,42902,82756,124505.7,newest level kept,5,0,0,0,0,0,0,4.8,-2.1,3.0,7.5,30.2
2027-01-24,52869,21272,77072,124505.7,newest level kept,6,0,0,0,0,0,0,4.8,-2.1,3.1,7.7,31.0
2027-01-25,68884,48386,81246,124505.7,newest level kept,0,0,0,0,0,0,0,4.8,-2.1,3.1,8.2,32.1
2027-01-26,80604,44436,104777,124505.7,newest level kept,1,0,0,0,0,0,0,4.8,-2.1,3.0,8.2,33.7
2027-01-27,89549,52576,114303,124505.7,newest level kept,2,0,0,0,0,0,0,4.8,-2.1,3.0,8.4,35.2
2027-01-28,81996,55050,104550,124505.7,newest level kept,3,0,0,0,0,0,0,4.7,-2.2,3.0,8.5,36.9
2027-01-29,82385,50499,106458,124505.7,newest level kept,4,0,0,0,0,0,0,4.6,-2.2,3.1,8.8,38.8
2027-01-30,61886,32478,80037,124505.7,newest level kept,5,0,0,0,0,0,0,4.6,-2.3,3.1,8.8,40.4
2027-01-31,51285,22321,75204,124505.7,newest level kept,6,0,0,0,0,0,0,4.6,-2.2,3.1,9.0,41.5
2027-02-01,70590,43132,94041,124505.7,newest level kept,0,0,0,0,0,0,0,4.7,-2.1,3.2,8.9,42.5
2027-02-02,72421,7339,109542,124505.7,newest level kept,1,0,0,0,0,0,0,4.8,-2.1,3.2,9.4,43.6
2027-02-03,76792,23899,106644,124505.7,newest level kept,2,0,0,0,0,0,0,4.9,-2.1,3.0,9.4,44.3
2027-02-04,79883,38973,126107,124505.7,newest level kept,3,0,0,0,0,0,0,4.9,-2.1,2.9,9.3,45.1
2027-02-05,85777,54731,115781,124505.7,newest level kept,4,0,0,0,0,0,0,5.0,-2.1,2.9,9.4,45.9
2027-02-06,64307,46376,89695,124505.7,newest level kept,5,0,0,0,0,0,0,5.2,-1.9,3.0,9.6,46.7
2027-02-07,53779,28160,74217,124505.7,newest level kept,6,0,0,0,0,0,0,5.4,-1.8,3.1,10.3,47.6
2027-02-08,75799,46660,105443,124505.7,newest level kept,0,0,0,0,0,0,0,5.5,-1.7,2.9,9.2,49.0
2027-02-09,78200,35976,121560,124505.7,newest level kept,1,0,0,0,0,0,0,5.7,-1.6,2.8,8.9,49.1
2027-02-10,85538,55552,138043,124505.7,newest level kept,2,0,0,0,0,0,0,5.7,-1.5,2.7,8.3,49.1
2027-02-11,78957,53622,116210,124505.7,newest level kept,3,0,0,0,0,0,0,5.8,-1.5,2.6,7.9,48.4
2027-02-12,78963,41619,115695,124505.7,newest level kept,4,0,0,0,0,0,0,5.9,-1.5,2.7,7.7,47.7
2027-02-13,57177,32123,86551,124505.7,newest level kept,5,0,0,0,0,0,0,6.1,-1.4,2.7,7.7,47.2
2027-02-14,56053,27458,75989,124505.7,newest level kept,6,0,0,0,0,0,0,6.2,-1.3,2.7,7.6,46.3
2027-02-15,60938,28126,98292,124505.7,newest level kept,0,1,0,0,0,0,0,6.4,-1.1,2.8,7.7,45.8
2027-02-16,77559,41561,107365,124505.7,newest level kept,1,0,0,0,0,0,0,6.6,-1.0,3.0,7.8,45.2
2027-02-17,78409,44013,105524,124505.7,newest level kept,2,0,0,0,0,0,0,6.7,-0.9,3.0,6.9,44.6
2027-02-18,78961,26535,104725,124505.7,newest level kept,3,0,0,0,0,0,0,6.8,-0.8,3.2,7.0,43.5
2027-02-19,85759,35522,111452,124505.7,newest level kept,4,0,0,0,0,0,0,6.8,-0.7,3.1,7.0,42.8
2027-02-20,72763,43223,109362,124505.7,newest level kept,5,0,0,0,0,0,0,6.8,-0.6,3.2,7.2,42.5
2027-02-21,65667,48120,88907,124505.7,newest level kept,6,0,0,0,0,0,0,7.0,-0.5,3.2,7.0,42.1
2027-02-22,79710,37330,104058,124505.7,newest level kept,0,0,0,0,0,0,0,7.2,-0.3,3.1,7.0,41.6
2027-02-23,96571,61211,117305,124505.7,newest level kept,1,0,0,0,0,0,0,7.5,-0.1,3.2,6.8,41.0
2027-02-24,99471,52701,135873,124505.7,newest level kept,2,0,0,0,0,0,0,7.8,0.1,3.2,6.6,39.9
2027-02-25,89451,61292,117153,124505.7,newest level kept,3,0,0,0,0,0,0,8.0,0.2,3.2,6.0,38.3
2027-02-26,99397,81200,114474,124505.7,newest level kept,4,0,0,0,0,0,0,8.0,0.3,3.2,6.0,36.3
2027-02-27,75181,62934,103149,124505.7,newest level kept,5,0,0,0,0,0,0,8.2,0.4,3.3,6.3,34.7
2027-02-28,73381,43111,107119,124505.7,newest level kept,6,0,0,0,0,0,0,8.4,0.5,3.2,6.2,33.4
2027-03-01,88351,68536,120750,124505.7,newest level kept,0,0,0,0,0,0,0,8.7,0.7,3.1,5.9,31.9
2027-03-02,87726,33201,122672,124505.7,newest level kept,1,0,0,0,0,0,0,8.9,0.9,3.2,5.8,30.6
2027-03-03,88991,48540,117499,124505.7,newest level kept,2,0,0,0,0,0,0,9.1,1.1,3.2,5.6,29.6
2027-03-04,87227,41138,117515,124505.7,newest level kept,3,0,0,0,0,0,0,9.2,1.2,3.0,5.6,28.7
2027-03-05,87102,55207,119105,124505.7,newest level kept,4,0,0,0,0,0,0,9.3,1.3,3.1,5.2,27.6
2027-03-06,77758,49307,101652,124505.7,newest level kept,5,0,0,0,0,0,0,9.5,1.5,3.1,5.6,27.0
2027-03-07,66723,34848,96157,124505.7,newest level kept,6,0,0,0,0,0,0,9.8,1.6,3.2,5.5,26.5
2027-03-08,91822,64892,115657,124505.7,newest level kept,0,0,0,0,0,0,0,9.9,1.7,3.2,5.4,25.6
2027-03-09,112529,83345,144470,124505.7,newest level kept,1,0,0,0,0,0,0,10.0,1.8,3.6,5.2,24.5
2027-03-10,103006,53786,162252,124505.7,newest level kept,2,0,0,0,0,0,0,10.1,1.9,3.5,4.5,23.4
2027-03-11,114727,81381,157609,124505.7,newest level kept,3,0,0,0,0,0,0,10.3,2.0,3.4,3.8,21.5
2027-03-12,105260,59671,138845,124505.7,newest level kept,4,0,0,0,0,0,0,10.4,2.1,3.3,3.8,19.6
2027-03-13,82675,53201,114761,124505.7,newest level kept,5,0,0,0,0,0,0,10.5,2.2,3.3,3.7,18.0
2027-03-14,75285,30894,101832,124505.7,newest level kept,6,0,0,0,0,0,0,10.7,2.4,3.4,3.7,16.8
2027-03-15,93351,63330,129254,124505.7,newest level kept,0,0,0,0,0,0,0,10.9,2.5,3.3,3.6,15.7
2027-03-16,113619,82840,143894,124505.7,newest level kept,1,0,0,0,0,0,0,11.1,2.7,3.5,3.5,14.8
2027-03-17,108656,79101,151934,124505.7,newest level kept,2,0,0,0,0,0,0,11.3,2.8,3.5,3.1,14.0
2027-03-18,107060,62417,157371,124505.7,newest level kept,3,0,0,0,0,0,0,11.5,3.0,3.4,3.2,13.0
2027-03-19,107815,84227,145093,124505.7,newest level kept,4,0,0,0,0,0,0,11.7,3.2,3.2,2.9,12.0
2027-03-20,81253,46634,117284,124505.7,newest level kept,5,0,0,0,0,0,0,12.0,3.4,3.3,2.7,10.8
2027-03-21,78081,40180,114849,124505.7,newest level kept,6,0,0,0,0,0,0,12.1,3.6,3.2,2.2,9.8
2027-03-22,97073,44925,128834,124505.7,newest level kept,0,0,0,0,0,0,0,12.4,3.7,3.2,2.2,8.4
2027-03-23,101706,66285,126567,124505.7,newest level kept,1,0,0,0,0,0,0,12.6,3.9,3.1,2.0,7.1
2027-03-24,85295,44375,131633,124505.7,newest level kept,2,0,0,0,0,0,0,12.7,4.0,3.1,2.0,5.8
2027-03-25,109547,72404,141453,124505.7,newest level kept,3,0,0,0,0,0,0,12.7,4.0,3.1,2.0,4.8
2027-03-26,110352,63875,149404,124505.7,newest level kept,4,0,0,0,0,0,0,12.8,4.1,2.9,1.8,4.0
2027-03-27,91119,34587,118897,124505.7,newest level kept,5,0,0,0,0,0,0,12.8,4.1,2.9,1.8,3.5
2027-03-28,72751,31594,100551,124505.7,newest level kept,6,0,0,0,0,0,0,13.0,4.3,3.0,1.8,3.3
2027-03-29,85363,52240,121448,124505.7,newest level kept,0,0,0,0,0,0,0,13.4,4.6,3.0,1.8,3.1
2027-03-30,103442,66733,143331,124505.7,newest level kept,1,0,0,0,0,0,0,13.8,4.9,3.0,1.3,2.8
2027-03-31,103375,49198,133398,124505.7,newest level kept,2,0,0,0,0,0,0,14.0,5.1,3.1,1.3,2.4
2027-04-01,109779,54407,133594,124505.7,newest level kept,3,0,0,0,0,0,0,14.3,5.3,3.2,1.3,2.0
2027-04-02,107657,65098,133013,124505.7,newest level kept,4,0,0,0,0,0,0,14.5,5.5,3.2,1.3,1.7
2027-04-03,86621,46054,127485,124505.7,newest level kept,5,0,0,0,0,0,0,14.7,5.7,3.2,1.3,1.5
2027-04-04,75621,27533,117299,124505.7,newest level kept,6,0,0,0,0,0,0,14.9,5.8,3.3,1.3,1.3
2027-04-05,85817,57508,124315,124505.7,newest level kept,0,0,0,0,0,0,0,15.1,6.0,3.3,1.0,1.3
2027-04-06,107539,71246,163938,124505.7,newest level kept,1,0,0,0,0,0,0,15.2,6.2,3.2,0.4,1.0
2027-04-07,107759,45541,171490,124505.7,newest level kept,2,0,0,0,0,0,0,15.4,6.3,3.2,0.4,0.4
2027-04-08,114482,51821,160415,124505.7,newest level kept,3,0,0,0,0,0,0,15.7,6.6,3.3,0.4,0.3
2027-04-09,107037,64702,143727,124505.7,newest level kept,4,0,0,0,0,0,0,15.9,6.8,2.8,0.4,0.3
2027-04-10,98037,52647,150220,124505.7,newest level kept,5,0,0,0,0,0,0,16.1,6.9,3.1,0.4,0.3
2027-04-11,86159,55543,137990,124505.7,newest level kept,6,0,0,0,0,0,0,16.1,7.0,3.2,0.4,0.3
2027-04-12,99565,59736,130648,124505.7,newest level kept,0,0,0,0,0,0,0,16.3,7.2,3.2,0.4,0.3
2027-04-13,132821,95610,161943,124505.7,newest level kept,1,0,0,0,0,0,0,16.5,7.3,3.1,0.4,0.3
2027-04-14,133531,66969,183173,124505.7,newest level kept,2,0,0,0,0,0,0,16.7,7.5,3.2,0.4,0.3
2027-04-15,124305,80475,170193,124505.7,newest level kept,3,0,0,0,0,0,0,16.9,7.7,3.4,0.4,0.3
2027-04-16,130177,66441,178179,124505.7,newest level kept,4,0,0,0,0,0,0,17.0,7.8,3.2,0.4,0.3
2027-04-17,121713,74685,157256,124505.7,newest level kept,5,0,0,0,0,0,0,17.2,8.0,3.2,0.4,0.3
2027-04-18,108724,80547,129127,124505.7,newest level kept,6,0,0,0,0,0,0,17.5,8.2,3.2,0.0,0.0
2027-04-19,119340,64915,160492,124505.7,newest level kept,0,0,0,0,0,0,0,17.7,8.4,3.2,0.0,0.0
2027-04-20,138849,101169,175480,124505.7,newest level kept,1,0,0,0,0,0,0,17.8,8.6,3.4,0.0,0.0
2027-04-21,147847,95735,185704,124505.7,newest level kept,2,0,0,0,0,0,0,18.0,8.8,3.4,0.0,0.0
2027-04-22,140393,114147,174282,124505.7,newest level kept,3,0,0,0,0,0,0,18.1,8.9,3.4,0.0,0.0
2027-04-23,149494,110240,179350,124505.7,newest level kept,4,0,0,0,0,0,0,18.3,9.1,3.3,0.0,0.0
2027-04-24,135195,95365,157432,124505.7,newest level kept,5,0,0,0,0,0,0,18.5,9.3,3.4,0.0,0.0
2027-04-25,108007,59380,148277,124505.7,newest level kept,6,0,0,0,0,0,0,18.7,9.4,3.4,0.0,0.0
2027-04-26,129817,112401,146216,124505.7,newest level kept,0,0,0,0,0,0,0,18.9,9.6,3.4,0.0,0.0
2027-04-27,140769,119713,167411,124505.7,newest level kept,1,0,0,0,0,0,0,19.1,9.8,3.5,0.0,0.0
2027-04-28,155255,110682,180426,124505.7,newest level kept,2,0,0,0,0,0,0,19.1,9.9,3.5,0.0,0.0
2027-04-29,146414,120288,185702,124505.7,newest level kept,3,0,0,0,0,0,0,19.1,9.9,3.6,0.0,0.0
2027-04-30,143460,103559,185927,124505.7,newest level kept,4,0,0,0,0,0,0,19.1,9.9,3.5,0.0,0.0
2027-05-01,142191,121620,165344,124505.7,newest level kept,5,0,0,0,0,0,0,19.2,10.0,3.4,0.0,0.0
2027-05-02,123369,76057,157605,124505.7,newest level kept,6,0,0,0,0,0,0,19.4,10.2,3.3,0.0,0.0
2027-05-03,147047,120990,166260,124505.7,newest level kept,0,0,0,0,0,0,0,19.5,10.4,3.2,0.0,0.0
2027-05-04,152683,115018,181872,124505.7,newest level kept,1,0,0,0,0,0,0,19.7,10.6,3.3,0.0,0.0
2027-05-05,133743,55774,184095,124505.7,newest level kept,2,0,0,0,0,0,0,20.0,10.7,3.3,0.0,0.0
2027-05-06,143042,84399,178289,124505.7,newest level kept,3,0,0,0,0,0,0,20.1,10.9,3.1,0.0,0.0
2027-05-07,144250,71902,184279,124505.7,newest level kept,4,0,0,0,0,0,0,20.3,11.1,3.2,0.0,0.0
2027-05-08,146547,112371,171541,124505.7,newest level kept,5,0,0,0,0,0,0,20.4,11.2,3.2,0.0,0.0
2027-05-09,120082,64681,153748,124505.7,newest level kept,6,0,0,0,0,0,0,20.5,11.4,3.3,0.0,0.0
2027-05-10,149743,120477,168512,124505.7,newest level kept,0,0,0,0,0,0,0,20.7,11.6,3.4,0.0,0.0
2027-05-11,165915,138198,186871,124505.7,newest level kept,1,0,0,0,0,0,0,21.0,11.8,3.1,0.0,0.0
2027-05-12,162186,127209,191251,124505.7,newest level kept,2,0,0,0,0,0,0,21.3,12.0,3.0,0.0,0.0
2027-05-13,135337,53539,185475,124505.7,newest level kept,3,0,0,0,0,0,0,21.5,12.3,3.2,0.0,0.0
2027-05-14,149003,86427,183110,124505.7,newest level kept,4,0,0,0,0,0,0,21.7,12.5,3.3,0.0,0.0
2027-05-15,157205,142004,170534,124505.7,newest level kept,5,0,0,0,0,0,0,21.8,12.7,3.2,0.0,0.0
2027-05-16,130154,88982,157863,124505.7,newest level kept,6,0,0,0,0,0,0,22.0,12.8,3.3,0.0,0.0
2027-05-17,161559,132680,181331,124505.7,newest level kept,0,0,0,0,0,0,0,22.2,13.0,3.4,0.0,0.0
2027-05-18,179166,166342,196611,124505.7,newest level kept,1,0,0,0,0,0,0,22.3,13.1,3.5,0.0,0.0
2027-05-19,172532,118733,208765,124505.7,newest level kept,2,0,0,0,0,0,0,22.4,13.2,3.4,0.0,0.0
2027-05-20,164811,146010,191173,124505.7,newest level kept,3,0,0,0,0,0,0,22.5,13.3,3.4,0.0,0.0
2027-05-21,173084,167962,184778,124505.7,newest level kept,4,0,0,0,0,0,0,22.7,13.5,3.1,0.0,0.0
2027-05-22,142415,77155,175632,124505.7,newest level kept,5,0,0,0,0,0,0,22.9,13.7,3.1,0.0,0.0
2027-05-23,140938,104241,166439,124505.7,newest level kept,6,0,0,0,0,0,0,23.1,13.9,3.1,0.0,0.0
2027-05-24,155846,142952,169681,124505.7,newest level kept,0,0,0,0,0,0,0,23.3,14.1,3.1,0.0,0.0
2027-05-25,167430,154116,189206,124505.7,newest level kept,1,0,0,0,0,0,0,23.5,14.3,3.0,0.0,0.0
2027-05-26,185433,174633,194651,124505.7,newest level kept,2,0,0,0,0,0,0,23.7,14.5,3.1,0.0,0.0
2027-05-27,174853,157552,185404,124505.7,newest level kept,3,0,0,0,0,0,0,23.9,14.8,3.1,0.0,0.0
2027-05-28,148950,102766,183261,124505.7,newest level kept,4,0,0,0,0,0,0,24.1,15.0,3.1,0.0,0.0
2027-05-29,139372,94473,169274,124505.7,newest level kept,5,0,0,0,0,0,0,24.3,15.3,2.9,0.0,0.0
2027-05-30,128051,72955,159497,124505.7,newest level kept,6,0,0,0,0,0,0,24.5,15.5,2.9,0.0,0.0
2027-05-31,141738,132104,159862,124505.7,newest level kept,0,1,0,0,0,0,0,24.6,15.6,2.9,0.0,0.0
2027-06-01,166269,140252,184659,124505.7,newest level kept,1,0,0,0,0,0,0,24.7,15.7,2.9,0.0,0.0
2027-06-02,176267,154740,195531,124505.7,newest level kept,2,0,0,0,0,0,0,24.7,15.8,3.0,0.0,0.0
2027-06-03,175139,155761,192136,124505.7,newest level kept,3,0,0,0,0,0,0,24.8,15.9,3.0,0.0,0.0
2027-06-04,168748,149597,187971,124505.7,newest level kept,4,0,0,0,0,0,0,25.0,16.1,3.1,0.0,0.0
2027-06-05,160620,141193,177428,124505.7,newest level kept,5,0,0,0,0,0,0,25.1,16.3,3.0,0.0,0.0
2027-06-06,140984,94459,167145,124505.7,newest level kept,6,0,0,0,0,0,0,25.3,16.5,3.1,0.0,0.0
2027-06-07,161844,154804,174922,124505.7,newest level kept,0,0,0,0,0,0,0,25.5,16.7,3.1,0.0,0.0
2027-06-08,182837,172872,191862,124505.7,newest level kept,1,0,0,0,0,0,0,25.7,16.9,3.0,0.0,0.0
2027-06-09,184424,165416,198022,124505.7,newest level kept,2,0,0,0,0,0,0,25.9,17.1,2.9,0.0,0.0
2027-06-10,177278,146478,192915,124505.7,newest level kept,3,0,0,0,0,0,0,26.1,17.3,2.9,0.0,0.0
2027-06-11,182713,179729,190684,124505.7,newest level kept,4,0,0,0,0,0,0,26.2,17.5,3.0,0.0,0.0
2027-06-12,163305,153090,172066,124505.7,newest level kept,5,0,0,0,0,0,0,26.2,17.6,3.0,0.0,0.0
2027-06-13,151182,143940,164769,124505.7,newest level kept,6,0,0,0,0,0,0,26.3,17.7,3.0,0.0,0.0
2027-06-14,164133,140547,184936,124505.7,newest level kept,0,0,0,0,0,0,0,26.5,17.8,2.9,0.0,0.0
2027-06-15,183488,164974,197831,124505.7,newest level kept,1,0,0,0,0,0,0,26.7,18.0,2.8,0.0,0.0
2027-06-16,182845,148378,205324,124505.7,newest level kept,2,0,0,0,0,0,0,26.9,18.2,2.7,0.0,0.0
2027-06-17,177201,151884,196546,124505.7,newest level kept,3,0,0,0,0,0,0,27.1,18.5,2.7,0.0,0.0
2027-06-18,163557,157638,180096,124505.7,newest level kept,4,1,0,0,0,0,0,27.2,18.6,2.8,0.0,0.0
2027-06-19,160596,140674,173991,124505.7,newest level kept,5,0,0,0,0,0,0,27.4,18.8,2.8,0.0,0.0
2027-06-20,154832,142232,166471,124505.7,newest level kept,6,0,0,0,0,0,0,27.6,19.0,2.8,0.0,0.0
2027-06-21,169975,149985,187304,124505.7,newest level kept,0,0,0,0,0,0,0,27.7,19.2,2.9,0.0,0.0
2027-06-22,182111,165188,201721,124505.7,newest level kept,1,0,0,0,0,0,0,27.8,19.3,3.0,0.0,0.0
2027-06-23,188039,173894,206969,124505.7,newest level kept,2,0,0,0,0,0,0,28.0,19.4,3.0,0.0,0.0
2027-06-24,184905,165018,200739,124505.7,newest level kept,3,0,0,0,0,0,0,28.1,19.6,3.2,0.0,0.0
2027-06-25,182504,158887,196194,124505.7,newest level kept,4,0,0,0,0,0,0,28.2,19.7,3.2,0.0,0.0
2027-06-26,162277,156177,172713,124505.7,newest level kept,5,0,0,0,0,0,0,28.3,19.9,3.3,0.0,0.0
2027-06-27,138009,116485,163465,124505.7,newest level kept,6,0,0,0,0,0,0,28.4,20.0,3.5,0.0,0.0
2027-06-28,157177,134898,166614,124505.7,newest level kept,0,0,0,0,0,0,0,28.5,20.1,3.4,0.0,0.0
2027-06-29,176484,163654,185287,124505.7,newest level kept,1,0,0,0,0,0,0,28.6,20.2,3.8,0.0,0.0
2027-06-30,178321,170583,185752,124505.7,newest level kept,2,0,0,0,0,0,0,28.7,20.4,3.9,0.0,0.0
2027-07-01,161252,144396,179875,124505.7,newest level kept,3,0,0,0,0,0,0,28.9,20.5,4.0,0.0,0.0
2027-07-02,156274,142643,169572,124505.7,newest level kept,4,0,0,0,0,0,0,29.0,20.7,4.2,0.0,0.0
2027-07-03,137087,121453,156734,124505.7,newest level kept,5,0,0,0,0,0,0,29.1,20.8,4.5,0.0,0.0
2027-07-04,134928,128614,141989,124505.7,newest level kept,6,0,0,0,0,0,0,29.2,21.0,4.4,0.0,0.0
2027-07-05,127672,123240,133308,124505.7,newest level kept,0,1,0,0,0,0,0,29.3,21.1,4.3,0.0,0.0
2027-07-06,156517,143399,164340,124505.7,newest level kept,1,0,0,0,0,0,0,29.4,21.2,4.3,0.0,0.0
2027-07-07,171926,151423,182877,124505.7,newest level kept,2,0,0,0,0,0,0,29.5,21.2,4.4,0.0,0.0
2027-07-08,165747,160418,176081,124505.7,newest level kept,3,0,0,0,0,0,0,29.5,21.3,4.4,0.0,0.0
2027-07-09,168347,154865,181557,124505.7,newest level kept,4,0,0,0,0,0,0,29.6,21.4,4.5,0.0,0.0
2027-07-10,157975,149030,168408,124505.7,newest level kept,5,0,0,0,0,0,0,29.6,21.4,4.5,0.0,0.0
2027-07-11,142445,130059,158135,124505.7,newest level kept,6,0,0,0,0,0,0,29.6,21.4,4.6,0.0,0.0
2027-07-12,162408,140201,175318,124505.7,newest level kept,0,0,0,0,0,0,0,29.6,21.5,4.6,0.0,0.0
2027-07-13,182886,167915,189817,124505.7,newest level kept,1,0,0,0,0,0,0,29.7,21.5,4.5,0.0,0.0
2027-07-14,171863,136081,196743,124505.7,newest level kept,2,0,0,0,0,0,0,29.8,21.6,4.4,0.0,0.0
2027-07-15,176269,161897,189523,124505.7,newest level kept,3,0,0,0,0,0,0,29.8,21.6,4.6,0.0,0.0
2027-07-16,173132,167333,186515,124505.7,newest level kept,4,0,0,0,0,0,0,29.8,21.6,4.6,0.0,0.0
2027-07-17,156417,134147,177688,124505.7,newest level kept,5,0,0,0,0,0,0,29.7,21.6,4.6,0.0,0.0
2027-07-18,139694,116245,154262,124505.7,newest level kept,6,0,0,0,0,0,0,29.7,21.6,4.5,0.0,0.0
2027-07-19,167802,160299,176629,124505.7,newest level kept,0,0,0,0,0,0,0,29.7,21.6,4.5,0.0,0.0
2027-07-20,184311,173914,190992,124505.7,newest level kept,1,0,0,0,0,0,0,29.7,21.6,4.6,0.0,0.0
2027-07-21,183897,170720,201403,124505.7,newest level kept,2,0,0,0,0,0,0,29.7,21.6,4.6,0.0,0.0
2027-07-22,175999,149503,189800,124505.7,newest level kept,3,0,0,0,0,0,0,29.7,21.6,4.5,0.0,0.0
2027-07-23,172725,145924,193095,124505.7,newest level kept,4,0,0,0,0,0,0,29.7,21.6,4.7,0.0,0.0
2027-07-24,159606,149569,174807,124505.7,newest level kept,5,0,0,0,0,0,0,29.6,21.6,4.6,0.0,0.0
2027-07-25,141433,132193,155646,124505.7,newest level kept,6,0,0,0,0,0,0,29.6,21.6,4.4,0.0,0.0
2027-07-26,168446,149655,178584,124505.7,newest level kept,0,0,0,0,0,0,0,29.6,21.5,4.4,0.0,0.0
2027-07-27,184370,167730,196972,124505.7,newest level kept,1,0,0,0,0,0,0,29.6,21.5,4.5,0.0,0.0
2027-07-28,191286,185247,200602,124505.7,newest level kept,2,0,0,0,0,0,0,29.6,21.5,4.3,0.0,0.0
2027-07-29,177253,171557,188436,124505.7,newest level kept,3,0,0,0,0,0,0,29.6,21.5,4.6,0.0,0.0
2027-07-30,174153,156906,185453,124505.7,newest level kept,4,0,0,0,0,0,0,29.6,21.5,4.3,0.0,0.0
2027-07-31,163757,151506,175968,124505.7,newest level kept,5,0,0,0,0,0,0,29.5,21.5,4.2,0.0,0.0
2027-08-01,142293,115120,162059,124505.7,newest level kept,6,0,0,0,0,0,0,29.5,21.4,4.1,0.0,0.0
2027-08-02,169151,163211,177882,124505.7,newest level kept,0,0,0,0,0,0,0,29.4,21.4,4.0,0.0,0.0
2027-08-03,184227,166785,197073,124505.7,newest level kept,1,0,0,0,0,0,0,29.4,21.4,3.8,0.0,0.0
2027-08-04,184337,166960,198698,124505.7,newest level kept,2,0,0,0,0,0,0,29.4,21.3,4.0,0.0,0.0
2027-08-05,177662,149312,191948,124505.7,newest level kept,3,0,0,0,0,0,0,29.3,21.3,4.2,0.0,0.0
2027-08-06,181037,172546,192307,124505.7,newest level kept,4,0,0,0,0,0,0,29.2,21.2,4.5,0.0,0.0
2027-08-07,148170,123864,178647,124505.7,newest level kept,5,0,0,0,0,0,0,29.1,21.1,4.6,0.0,0.0
2027-08-08,141825,125699,158388,124505.7,newest level kept,6,0,0,0,0,0,0,29.0,21.1,4.6,0.0,0.0
2027-08-09,164312,145286,184459,124505.7,newest level kept,0,0,0,0,0,0,0,29.0,21.0,4.6,0.0,0.0
2027-08-10,181937,160314,199303,124505.7,newest level kept,1,0,0,0,0,0,0,29.0,21.0,4.4,0.0,0.0
2027-08-11,179411,153145,198397,124505.7,newest level kept,2,0,0,0,0,0,0,29.0,20.9,4.4,0.0,0.0
2027-08-12,181841,167941,192379,124505.7,newest level kept,3,0,0,0,0,0,0,28.9,20.9,4.4,0.0,0.0
2027-08-13,166141,145759,184478,124505.7,newest level kept,4,0,0,0,0,0,0,28.8,20.8,4.4,0.0,0.0
2027-08-14,161367,141550,173377,124505.7,newest level kept,5,0,0,0,0,0,0,28.8,20.8,4.3,0.0,0.0
2027-08-15,145220,118383,162442,124505.7,newest level kept,6,0,0,0,0,0,0,28.8,20.7,4.1,0.0,0.0
2027-08-16,172797,164974,181975,124505.7,newest level kept,0,0,0,0,0,0,0,28.7,20.7,4.1,0.0,0.0
2027-08-17,178446,162917,193706,124505.7,newest level kept,1,0,0,0,0,0,0,28.6,20.7,4.5,0.0,0.0
2027-08-18,178917,164358,192208,124505.7,newest level kept,2,0,0,0,0,0,0,28.6,20.6,4.5,0.0,0.0
2027-08-19,173060,159289,186071,124505.7,newest level kept,3,0,0,0,0,0,0,28.5,20.5,4.4,0.0,0.0
2027-08-20,172910,155771,187087,124505.7,newest level kept,4,0,0,0,0,0,0,28.5,20.5,4.3,0.0,0.0
2027-08-21,153486,123470,170964,124505.7,newest level kept,5,0,0,0,0,0,0,28.5,20.5,4.2,0.0,0.0
2027-08-22,135207,122066,158924,124505.7,newest level kept,6,0,0,0,0,0,0,28.4,20.4,4.4,0.0,0.0
2027-08-23,166640,139316,184860,124505.7,newest level kept,0,0,0,0,0,0,0,28.3,20.3,4.1,0.0,0.0
2027-08-24,186289,180491,198233,124505.7,newest level kept,1,0,0,0,0,0,0,28.2,20.2,4.0,0.0,0.0
2027-08-25,192272,189212,203627,124505.7,newest level kept,2,0,0,0,0,0,0,28.1,20.1,4.0,0.0,0.0
2027-08-26,182251,166683,196374,124505.7,newest level kept,3,0,0,0,0,0,0,28.0,20.0,4.2,0.0,0.0
2027-08-27,182067,179559,188867,124505.7,newest level kept,4,0,0,0,0,0,0,27.9,19.9,4.2,0.0,0.0
2027-08-28,163781,151053,179374,124505.7,newest level kept,5,0,0,0,0,0,0,27.8,19.8,4.2,0.0,0.0
2027-08-29,149733,139409,162391,124505.7,newest level kept,6,0,0,0,0,0,0,27.7,19.7,4.0,0.0,0.0
2027-08-30,170589,160640,182503,124505.7,newest level kept,0,0,0,0,0,0,0,27.5,19.6,4.0,0.0,0.0
2027-08-31,183618,167742,195315,124505.7,newest level kept,1,0,0,0,0,0,0,27.5,19.4,3.9,0.0,0.0
2027-09-01,184361,182786,198329,124505.7,newest level kept,2,0,0,0,0,0,0,27.3,19.3,3.9,0.0,0.0
2027-09-02,168278,128067,190780,124505.7,newest level kept,3,0,0,0,0,0,0,27.2,19.2,3.7,0.0,0.0
2027-09-03,178231,156651,193518,124505.7,newest level kept,4,0,0,0,0,0,0,27.1,19.1,3.7,0.0,0.0
2027-09-04,165950,146812,180037,124505.7,newest level kept,5,0,0,0,0,0,0,27.0,19.0,3.5,0.0,0.0
2027-09-05,153273,141706,164214,124505.7,newest level kept,6,0,0,0,0,0,0,26.8,18.9,3.3,0.0,0.0
2027-09-06,139853,101970,169472,124505.7,newest level kept,0,1,0,0,0,0,0,26.7,18.8,2.9,0.0,0.0
2027-09-07,179265,176305,191245,124505.7,newest level kept,1,0,0,0,0,0,0,26.6,18.7,2.6,0.0,0.0
2027-09-08,191534,176004,202372,124505.7,newest level kept,2,0,0,0,0,0,0,26.6,18.5,2.7,0.0,0.0
2027-09-09,177511,153371,193846,124505.7,newest level kept,3,0,0,0,0,0,0,26.4,18.4,2.8,0.0,0.0
2027-09-10,161841,117837,192783,124505.7,newest level kept,4,0,0,0,0,0,0,26.3,18.3,3.1,0.0,0.0
2027-09-11,161733,133020,182293,124505.7,newest level kept,5,0,0,0,0,0,0,26.1,18.2,3.0,0.0,0.0
2027-09-12,147960,124270,162594,124505.7,newest level kept,6,0,0,0,0,0,0,25.9,18.0,3.0,0.0,0.0
2027-09-13,167759,146640,185377,124505.7,newest level kept,0,0,0,0,0,0,0,25.8,17.9,3.1,0.0,0.0
2027-09-14,193083,181446,203702,124505.7,newest level kept,1,0,0,0,0,0,0,25.6,17.8,3.4,0.0,0.0
2027-09-15,201009,188941,209777,124505.7,newest level kept,2,0,0,0,0,0,0,25.4,17.6,3.6,0.0,0.0
2027-09-16,193903,183832,200154,124505.7,newest level kept,3,0,0,0,0,0,0,25.2,17.4,3.7,0.0,0.0
2027-09-17,191176,179939,200527,124505.7,newest level kept,4,0,0,0,0,0,0,25.0,17.2,3.3,0.0,0.0
2027-09-18,161582,112007,186102,124505.7,newest level kept,5,0,0,0,0,0,0,24.8,17.0,3.3,0.0,0.0
2027-09-19,155088,140878,167042,124505.7,newest level kept,6,0,0,0,0,0,0,24.6,16.8,3.4,0.0,0.0
2027-09-20,175298,167977,188586,124505.7,newest level kept,0,0,0,0,0,0,0,24.3,16.6,3.4,0.0,0.0
2027-09-21,197070,183172,206574,124505.7,newest level kept,1,0,0,0,0,0,0,24.1,16.5,3.4,0.0,0.0
2027-09-22,201469,192188,217458,124505.7,newest level kept,2,0,0,0,0,0,0,24.0,16.4,3.2,0.0,0.0
2027-09-23,181037,136542,208393,124505.7,newest level kept,3,0,0,0,0,0,0,23.8,16.2,3.2,0.0,0.0
2027-09-24,176900,139908,203171,124505.7,newest level kept,4,0,0,0,0,0,0,23.6,16.1,3.3,0.0,0.0
2027-09-25,148963,87651,186067,124505.7,newest level kept,5,0,0,0,0,0,0,23.5,15.9,3.3,0.0,0.0
2027-09-26,150858,132459,167292,124505.7,newest level kept,6,0,0,0,0,0,0,23.3,15.8,3.1,0.0,0.0
2027-09-27,178754,164788,192490,124505.7,newest level kept,0,0,0,0,0,0,0,23.1,15.5,3.0,0.0,0.0
2027-09-28,174652,124397,214140,124505.7,newest level kept,1,0,0,0,0,0,0,22.8,15.3,3.0,0.0,0.0
2027-09-29,180104,137256,210099,124505.7,newest level kept,2,0,0,0,0,0,0,22.6,15.2,3.1,0.0,0.0
2027-09-30,166992,121820,197532,124505.7,newest level kept,3,0,0,0,0,0,0,22.4,15.0,3.1,0.0,0.0
2027-10-01,160386,93004,196975,124505.7,newest level kept,4,0,0,0,0,0,0,22.2,14.8,3.3,0.0,0.0
2027-10-02,148448,128410,172587,124505.7,newest level kept,5,0,0,0,0,0,0,21.9,14.5,3.4,0.0,0.0
2027-10-03,128195,68735,162131,124505.7,newest level kept,6,0,0,0,0,0,0,21.7,14.3,3.4,0.0,0.0
2027-10-04,161644,148902,190612,124505.7,newest level kept,0,0,0,0,0,0,0,21.4,14.0,3.2,0.0,0.0
2027-10-05,181461,169902,205221,124505.7,newest level kept,1,0,0,0,0,0,0,21.2,13.8,3.3,0.0,0.0
2027-10-06,193596,175851,215086,124505.7,newest level kept,2,0,0,0,0,0,0,21.1,13.6,3.3,0.0,0.0
2027-10-07,183834,177996,204220,124505.7,newest level kept,3,0,0,0,0,0,0,20.9,13.5,3.5,0.0,0.0
2027-10-08,171928,151371,189079,124505.7,newest level kept,4,0,0,0,0,0,0,20.7,13.3,3.5,0.0,0.0
2027-10-09,141327,115020,162162,124505.7,newest level kept,5,0,0,0,0,0,0,20.5,13.1,3.4,0.0,0.0
2027-10-10,136256,123503,157380,124505.7,newest level kept,6,0,0,0,0,0,0,20.3,13.0,3.3,0.0,0.0
2027-10-11,143783,119672,155103,124505.7,newest level kept,0,1,0,0,0,0,0,20.1,12.8,3.2,0.0,0.0
2027-10-12,168484,136725,185763,124505.7,newest level kept,1,0,0,0,0,0,0,19.8,12.5,3.4,0.0,0.0
2027-10-13,160753,79986,197121,124505.7,newest level kept,2,0,0,0,0,0,0,19.6,12.4,3.6,0.0,0.0
2027-10-14,162410,119963,191069,124505.7,newest level kept,3,0,0,0,0,0,0,19.3,12.1,3.7,0.0,0.0
2027-10-15,174035,160705,183614,124505.7,newest level kept,4,0,0,0,0,0,0,19.1,11.9,3.6,0.0,0.0
2027-10-16,146342,140288,157443,124505.7,newest level kept,5,0,0,0,0,0,0,19.0,11.7,3.6,0.0,0.0
2027-10-17,127241,113265,144739,124505.7,newest level kept,6,0,0,0,0,0,0,18.8,11.6,3.5,0.0,0.0
2027-10-18,153108,137531,167136,124505.7,newest level kept,0,0,0,0,0,0,0,18.7,11.4,3.4,0.0,0.0
2027-10-19,175016,152719,189200,124505.7,newest level kept,1,0,0,0,0,0,0,18.5,11.2,3.3,0.0,0.0
2027-10-20,166567,96198,199462,124505.7,newest level kept,2,0,0,0,0,0,0,18.4,11.0,3.1,0.0,0.0
2027-10-21,174619,147518,191315,124505.7,newest level kept,3,0,0,0,0,0,0,18.2,10.9,3.1,0.0,0.0
2027-10-22,161396,121240,191219,124505.7,newest level kept,4,0,0,0,0,0,0,18.0,10.8,3.2,0.0,0.0
2027-10-23,145625,131959,173991,124505.7,newest level kept,5,0,0,0,0,0,0,17.8,10.5,3.2,0.0,0.0
2027-10-24,131469,123810,144741,124505.7,newest level kept,6,0,0,0,0,0,0,17.6,10.3,3.2,0.0,0.0
2027-10-25,159117,149056,170427,124505.7,newest level kept,0,0,0,0,0,0,0,17.5,10.1,3.1,0.0,0.0
2027-10-26,162319,142417,187136,124505.7,newest level kept,1,0,0,0,0,0,0,17.3,9.9,3.1,0.0,0.0
2027-10-27,159271,87623,196895,124505.7,newest level kept,2,0,0,0,0,0,0,17.1,9.7,3.1,0.0,0.0
2027-10-28,150869,103069,190990,124505.7,newest level kept,3,0,0,0,0,0,0,16.9,9.5,3.1,0.0,0.0
2027-10-29,134216,101615,179492,124505.7,newest level kept,4,0,0,0,0,0,0,16.7,9.2,3.1,0.0,0.0
2027-10-30,117855,69205,155655,124505.7,newest level kept,5,0,0,0,0,0,0,16.4,8.9,3.0,0.0,0.0
2027-10-31,118279,108111,129567,124505.7,newest level kept,6,0,0,0,0,0,0,16.1,8.6,3.1,0.4,0.0
2027-11-01,147957,127785,164314,124505.7,newest level kept,0,0,0,0,0,0,0,15.9,8.5,3.0,0.4,0.3
2027-11-02,160643,143353,183448,124505.7,newest level kept,1,0,0,0,0,0,0,15.7,8.3,3.0,0.4,0.4
2027-11-03,167747,132764,189142,124505.7,newest level kept,2,0,0,0,0,0,0,15.6,8.1,3.1,0.4,0.4
2027-11-04,162236,143280,176482,124505.7,newest level kept,3,0,0,0,0,0,0,15.3,8.0,3.2,0.4,0.4
2027-11-05,156963,139526,172857,124505.7,newest level kept,4,0,0,0,0,0,0,15.0,7.7,3.1,0.4,0.4
2027-11-06,139488,125187,166407,124505.7,newest level kept,5,0,0,0,0,0,0,14.7,7.4,3.1,0.4,0.4
2027-11-07,127430,103433,159334,124505.7,newest level kept,6,0,0,0,0,0,0,14.4,7.1,3.2,0.4,0.4
2027-11-08,145984,116533,164481,124505.7,newest level kept,0,0,0,0,0,0,0,14.1,6.8,3.1,0.4,0.4
2027-11-09,154265,106439,177090,124505.7,newest level kept,1,0,0,0,0,0,0,13.9,6.6,3.3,0.4,0.4
2027-11-10,151764,116645,184796,124505.7,newest level kept,2,0,0,0,0,0,0,13.7,6.4,3.4,0.4,0.4
2027-11-11,124071,82051,150865,124505.7,newest level kept,3,1,0,0,0,0,0,13.6,6.3,3.4,0.5,0.4
2027-11-12,141452,119680,163369,124505.7,newest level kept,4,0,0,0,0,0,0,13.4,6.2,3.3,0.5,0.4
2027-11-13,115591,77304,145481,124505.7,newest level kept,5,0,0,0,0,0,0,13.2,6.0,3.1,0.5,0.4
2027-11-14,102579,82659,127425,124505.7,newest level kept,6,0,0,0,0,0,0,13.0,5.7,2.9,0.5,0.4
2027-11-15,115250,77409,144064,124505.7,newest level kept,0,0,0,0,0,0,0,12.8,5.5,2.7,0.5,0.4
2027-11-16,126060,65602,176371,124505.7,newest level kept,1,0,0,0,0,0,0,12.6,5.4,2.8,0.5,0.4
2027-11-17,146196,121374,181196,124505.7,newest level kept,2,0,0,0,0,0,0,12.4,5.2,2.9,0.5,0.4
2027-11-18,135868,106601,169309,124505.7,newest level kept,3,0,0,0,0,0,0,12.1,5.0,3.0,0.6,0.5
2027-11-19,125905,100947,169914,124505.7,newest level kept,4,0,0,0,0,0,0,11.9,4.8,2.9,0.6,0.5
2027-11-20,109468,92165,144308,124505.7,newest level kept,5,0,0,0,0,0,0,11.6,4.7,3.0,0.6,0.5
2027-11-21,96149,63809,122221,124505.7,newest level kept,6,0,0,0,0,0,0,11.4,4.4,3.3,0.6,0.5
2027-11-22,94818,56486,130849,124505.7,newest level kept,0,0,0,0,0,0,0,11.0,4.2,3.3,0.6,0.5
2027-11-23,104764,74783,130533,124505.7,newest level kept,1,0,0,0,0,0,0,10.7,3.9,3.2,0.6,0.5
2027-11-24,104987,59752,122916,124505.7,newest level kept,2,0,0,0,0,0,0,10.5,3.7,3.5,0.9,0.5
2027-11-25,59813,47002,69562,124505.7,newest level kept,3,1,0,1,0,0,0,10.2,3.6,3.5,0.9,0.8
2027-11-26,90776,73854,113913,124505.7,newest level kept,4,0,0,0,1,0,0,10.0,3.4,3.6,1.0,1.0
2027-11-27,83181,59652,98786,124505.7,newest level kept,5,0,0,0,0,0,0,9.8,3.3,3.6,1.0,1.0
2027-11-28,85080,70883,107415,124505.7,newest level kept,6,0,0,0,0,0,0,9.6,3.1,3.6,1.0,1.0
2027-11-29,98255,87342,117652,124505.7,newest level kept,0,0,0,0,0,0,0,9.5,3.0,3.6,1.3,1.1
2027-11-30,103833,77657,124600,124505.7,newest level kept,1,0,0,0,0,0,0,9.4,3.0,3.6,1.3,1.3
2027-12-01,98993,71713,120936,124505.7,newest level kept,2,0,0,0,0,0,0,9.3,2.9,3.7,0.9,1.6
2027-12-02,101142,51809,129126,124505.7,newest level kept,3,0,0,0,0,0,0,9.2,2.8,3.8,1.3,1.6
2027-12-03,106026,86503,122948,124505.7,newest level kept,4,0,0,0,0,0,0,9.0,2.7,4.0,1.9,2.2
2027-12-04,96935,78066,111735,124505.7,newest level kept,5,0,0,0,0,0,0,8.9,2.6,4.0,1.9,2.9
2027-12-05,81460,67890,100199,124505.7,newest level kept,6,0,0,0,0,0,0,8.7,2.4,3.9,1.9,3.3
2027-12-06,94729,66133,123732,124505.7,newest level kept,0,0,0,0,0,0,0,8.5,2.3,4.0,1.9,3.7
2027-12-07,107736,93191,125376,124505.7,newest level kept,1,0,0,0,0,0,0,8.4,2.2,4.0,2.0,4.2
2027-12-08,114005,103022,129981,124505.7,newest level kept,2,0,0,0,0,0,0,8.4,2.2,4.0,2.0,4.5
2027-12-09,100658,49638,136145,124505.7,newest level kept,3,0,0,0,0,0,0,8.3,2.1,4.0,2.0,4.7
2027-12-10,104733,82861,119843,124505.7,newest level kept,4,0,0,0,0,0,0,8.3,2.1,3.9,2.1,4.9
2027-12-11,85041,61477,111470,124505.7,newest level kept,5,0,0,0,0,0,0,8.1,1.9,3.9,2.2,5.0
2027-12-12,81077,60399,104752,124505.7,newest level kept,6,0,0,0,0,0,0,7.9,1.8,3.8,2.3,5.3
2027-12-13,100039,73821,126869,124505.7,newest level kept,0,0,0,0,0,0,0,7.8,1.7,3.8,2.3,5.7
2027-12-14,102851,64680,146692,124505.7,newest level kept,1,0,0,0,0,0,0,7.7,1.6,3.9,2.3,5.8
2027-12-15,104111,63730,142036,124505.7,newest level kept,2,0,0,0,0,0,0,7.6,1.6,4.0,2.4,5.8
2027-12-16,94872,61495,147593,124505.7,newest level kept,3,0,0,0,0,0,0,7.5,1.6,3.9,2.4,5.8
2027-12-17,81787,41288,104611,124505.7,newest level kept,4,0,0,0,0,0,0,7.5,1.5,3.9,2.4,5.8
2027-12-18,65917,17021,93631,124505.7,newest level kept,5,0,0,0,0,0,0,7.4,1.4,3.9,2.3,5.9
2027-12-19,61244,40943,91162,124505.7,newest level kept,6,0,0,0,0,0,0,7.3,1.3,3.8,2.3,5.8
2027-12-20,79378,63762,104817,124505.7,newest level kept,0,0,0,0,0,0,0,7.2,1.3,3.9,2.3,5.8
2027-12-21,86840,56702,104260,124505.7,newest level kept,1,0,0,0,0,0,0,7.2,1.2,3.9,3.0,5.9
2027-12-22,83818,66641,101126,124505.7,newest level kept,2,0,0,0,0,0,0,7.0,1.0,3.7,3.0,6.4
2027-12-23,68425,41469,89570,124505.7,newest level kept,3,0,0,0,0,0,0,6.9,0.9,3.7,3.2,6.9
2027-12-24,38867,29517,45742,124505.7,newest level kept,4,1,0,0,0,0,0,6.8,0.8,3.8,4.0,7.8
2027-12-25,38485,25610,46704,124505.7,newest level kept,5,0,1,0,0,1,0,6.6,0.6,3.5,3.7,8.7
2027-12-26,41089,25889,53733,124505.7,newest level kept,6,0,1,0,0,0,0,6.5,0.5,3.5,3.7,9.2
2027-12-27,52188,36918,72092,124505.7,newest level kept,0,0,1,0,0,0,0,6.5,0.4,3.6,3.7,9.5
2027-12-28,63107,37076,93043,124505.7,newest level kept,1,0,1,0,0,0,0,6.4,0.4,3.5,3.7,9.9
2027-12-29,66930,45156,91171,124505.7,newest level kept,2,0,1,0,0,0,0,6.5,0.4,3.5,3.7,9.9
2027-12-30,67330,36873,90521,124505.7,newest level kept,3,0,1,0,0,0,0,6.5,0.2,3.5,3.4,9.8
2027-12-31,44776,36194,58357,124505.7,newest level kept,4,1,0,0,0,0,0,6.3,0.1,3.4,3.4,9.5
