model,notebook,split,threshold,accuracy,recall_poisonous,precision_poisonous,f1_poisonous,roc_auc,missed_poisonous,false_alarms
naive (always edible),03_model_baseline,validation,0.5,0.6213333333333333,0.0,0.0,0.0,0.5,284,0
logistic regression (balanced),03_model_baseline,validation,0.5,0.656,0.6232394366197183,0.5396341463414634,0.5784313725490197,0.7038022124161277,107,151
naive (always edible),03_model_baseline,test,0.5,0.6213333333333333,0.0,0.0,0.0,0.5,284,0
logistic regression (balanced),03_model_baseline,test,0.5,0.6773333333333333,0.6302816901408451,0.5664556962025317,0.5966666666666667,0.7112071571057245,105,137
PyCaret random forest (default),04_model_automl,validation,0.5,0.8026666666666666,0.647887323943662,0.7931034482758621,0.7131782945736435,0.817857250800943,100,48
PyCaret random forest (default),04_model_automl,test,0.5,0.7853333333333333,0.6056338028169014,0.7782805429864253,0.6811881188118812,0.8376692558786194,112,49
random forest (tuned),05a_model_random_forest,validation,0.5,0.8,0.6338028169014085,0.7964601769911505,0.7058823529411765,0.8167616212295232,104,46
"random forest (tuned, recall 0.90)",05a_model_random_forest,validation,0.16125,0.564,0.9014084507042254,0.4612612612612612,0.6102502979737783,0.8167616212295232,28,299
random forest (tuned),05a_model_random_forest,test,0.5,0.7946666666666666,0.6126760563380281,0.7981651376146789,0.6932270916334662,0.8423011243426224,110,44
"random forest (tuned, recall 0.90)",05a_model_random_forest,test,0.16125,0.5786666666666667,0.9295774647887324,0.4714285714285714,0.6255924170616114,0.8423011243426224,20,296
gradient boosting (tuned),05b_model_gradient_boosting,validation,0.5,0.7986666666666666,0.6338028169014085,0.7929515418502202,0.7045009784735812,0.8193042374418182,104,47
"gradient boosting (tuned, recall 0.90)",05b_model_gradient_boosting,validation,0.13896653685687,0.5733333333333334,0.9014084507042254,0.4671532846715328,0.6153846153846154,0.8193042374418182,28,292
gradient boosting (tuned),05b_model_gradient_boosting,test,0.5,0.808,0.6232394366197183,0.8271028037383178,0.7108433734939759,0.8466194160672188,107,37
"gradient boosting (tuned, recall 0.90)",05b_model_gradient_boosting,test,0.13896653685687,0.576,0.9401408450704224,0.4700704225352112,0.6267605633802817,0.8466194160672188,17,301
ensemble (stack: forest + boosting),05c_model_ensemble,validation,0.5,0.8013333333333333,0.6690140845070423,0.7755102040816326,0.718336483931947,0.8206038807955026,94,55
"ensemble (stack: forest + boosting), recall 0.90",05c_model_ensemble,validation,0.1297564469026194,0.5746666666666667,0.9014084507042254,0.4680073126142596,0.6161251504211793,0.8206038807955026,28,291
ensemble (stack: forest + boosting),05c_model_ensemble,test,0.5,0.8106666666666666,0.6619718309859155,0.8034188034188035,0.7258687258687259,0.8505259021942815,96,46
"ensemble (stack: forest + boosting), recall 0.90",05c_model_ensemble,test,0.1297564469026194,0.5813333333333334,0.9225352112676056,0.4729241877256318,0.6252983293556086,0.8505259021942815,22,292
