trial,job,status,start,tuning_auc,eta,min_child_weight,subsample,colsample_bytree,lambda,num_round,max_depth
1,mushroom-xgb-trial01-1009-113646,Completed,2026-10-09 11:39:27.863000+00:00,0.8118100166320801,0.139068,3.72387,0.929299,0.818421,0.019166,748,8
2,mushroom-xgb-trial02-1009-113646,Completed,2026-10-09 11:39:30.067000+00:00,0.8202599883079529,0.144915,1.46784,0.725193,0.622479,6.02969,298,9
3,mushroom-xgb-trial04-1009-114148,Completed,2026-10-09 11:42:35.313000+00:00,0.679639995098114,0.0333947,18.3192,0.946561,0.86703,0.0383633,182,2
4,mushroom-xgb-trial03-1009-114148,Completed,2026-10-09 11:44:32.117000+00:00,0.8105700016021729,0.0451832,1.97535,0.777292,0.43829,3.04014,288,8
5,mushroom-xgb-trial05-1009-114450,Completed,2026-10-09 11:45:31.170000+00:00,0.746429979801178,0.0169007,7.73869,0.872381,0.980506,0.0949459,139,6
6,mushroom-xgb-trial06-1009-114650,Completed,2026-10-09 11:49:38.532000+00:00,0.8032400012016296,0.019049,1.47581,0.737852,0.536146,1.02198,168,9
7,mushroom-xgb-trial07-1009-114751,Completed,2026-10-09 11:50:39.476000+00:00,0.8188499808311462,0.108237,2.54917,0.91613,0.882859,0.145357,111,8
8,mushroom-xgb-trial09-1009-115253,Completed,2026-10-09 11:53:35.373000+00:00,0.7805200219154358,0.0476293,5.49477,0.569898,0.468718,1.01207,184,7
9,mushroom-xgb-trial08-1009-115253,Completed,2026-10-09 11:55:36.982000+00:00,0.8174700140953064,0.0160854,1.82006,0.503681,0.872155,0.987535,353,9
10,mushroom-xgb-trial10-1009-115554,Completed,2026-10-09 11:56:36.693000+00:00,0.7805200219154358,0.134895,6.69557,0.77679,0.735524,0.0816301,54,5
11,mushroom-xgb-trial12-1009-115856,Completed,2026-10-09 11:59:39.308000+00:00,0.8028799891471863,0.0950016,5.30537,0.891949,0.798588,0.165638,478,3
12,mushroom-xgb-trial11-1009-115755,Completed,2026-10-09 12:00:38.480000+00:00,0.7151100039482117,0.0207476,3.40023,0.926702,0.540364,0.0149592,109,4
13,mushroom-xgb-trial13-1009-120158,Completed,2026-10-09 12:03:13.401000+00:00,0.6996700167655945,0.0108031,1.30965,0.86118,0.677126,0.030466,200,3
14,mushroom-xgb-trial14-1009-120259,Completed,2026-10-09 12:05:49.342000+00:00,0.7419099807739258,0.106795,3.80595,0.690511,0.580907,0.777764,136,2
15,mushroom-xgb-trial15-1009-120600,Completed,2026-10-09 12:06:49.019000+00:00,0.778439998626709,0.0149386,17.8426,0.95429,0.819824,0.0627494,735,9
16,mushroom-xgb-trial16-1009-120902,Completed,2026-10-09 12:09:46.085000+00:00,0.766789972782135,0.114534,3.84267,0.636121,0.457835,5.10278,177,3
17,mushroom-xgb-trial17-1009-121003,Completed,2026-10-09 12:10:50.461000+00:00,0.7844099998474121,0.0283097,5.66999,0.588386,0.913969,1.88607,367,5
18,mushroom-xgb-trial19-1009-121306,Completed,2026-10-09 12:13:45.772000+00:00,0.8204600214958191,0.0307075,1.54181,0.551701,0.752587,0.0324922,650,7
19,mushroom-xgb-trial18-1009-121205,Completed,2026-10-09 12:14:51.653000+00:00,0.7640900015830994,0.0844522,5.75346,0.824923,0.450667,0.176776,56,6
20,mushroom-xgb-trial20-1009-121608,Completed,2026-10-09 12:18:50.889000+00:00,0.7387099862098694,0.0325363,5.87217,0.511402,0.975136,0.27984,438,2
